{
  "baseline": {
    "n": 2000,
    "loss": 6.030276298522949,
    "loss_std": 4.984865665435791,
    "acc_top1": 0.27799999713897705,
    "mean_logit_target": 11.437958717346191
  },
  "candidate_ablation": {
    "n": 2000,
    "loss": 7.465609550476074,
    "loss_std": 3.9487662315368652,
    "acc_top1": 0.10400000214576721,
    "mean_logit_target": 6.559267520904541,
    "ablated_heads": [
      [
        0,
        0
      ],
      [
        0,
        3
      ],
      [
        0,
        4
      ],
      [
        0,
        8
      ],
      [
        0,
        11
      ],
      [
        0,
        12
      ],
      [
        0,
        13
      ],
      [
        0,
        14
      ],
      [
        0,
        15
      ],
      [
        1,
        12
      ]
    ],
    "by_layer": {
      "0": [
        0,
        3,
        4,
        8,
        11,
        12,
        13,
        14,
        15
      ],
      "1": [
        12
      ]
    }
  },
  "controls": [
    {
      "n": 2000,
      "loss": 5.970365524291992,
      "loss_std": 4.842992305755615,
      "acc_top1": 0.2685000002384186,
      "mean_logit_target": 11.256746292114258,
      "seed_idx": 0,
      "heads": [
        [
          6,
          3
        ],
        [
          7,
          6
        ],
        [
          5,
          4
        ],
        [
          7,
          7
        ],
        [
          5,
          1
        ],
        [
          8,
          8
        ],
        [
          7,
          2
        ],
        [
          9,
          4
        ],
        [
          10,
          4
        ],
        [
          13,
          1
        ]
      ]
    },
    {
      "n": 2000,
      "loss": 5.907360553741455,
      "loss_std": 4.8738226890563965,
      "acc_top1": 0.27649998664855957,
      "mean_logit_target": 11.449724197387695,
      "seed_idx": 1,
      "heads": [
        [
          1,
          4
        ],
        [
          2,
          15
        ],
        [
          1,
          15
        ],
        [
          3,
          8
        ],
        [
          10,
          1
        ],
        [
          12,
          3
        ],
        [
          1,
          8
        ],
        [
          7,
          0
        ],
        [
          5,
          5
        ],
        [
          14,
          0
        ]
      ]
    },
    {
      "n": 2000,
      "loss": 5.894795894622803,
      "loss_std": 4.881438732147217,
      "acc_top1": 0.27799999713897705,
      "mean_logit_target": 11.456404685974121,
      "seed_idx": 2,
      "heads": [
        [
          1,
          6
        ],
        [
          2,
          9
        ],
        [
          6,
          13
        ],
        [
          12,
          2
        ],
        [
          7,
          11
        ],
        [
          2,
          8
        ],
        [
          5,
          15
        ],
        [
          1,
          7
        ],
        [
          14,
          5
        ],
        [
          15,
          0
        ]
      ]
    },
    {
      "n": 2000,
      "loss": 5.931280612945557,
      "loss_std": 4.89652681350708,
      "acc_top1": 0.27250000834465027,
      "mean_logit_target": 11.426660537719727,
      "seed_idx": 3,
      "heads": [
        [
          4,
          4
        ],
        [
          5,
          7
        ],
        [
          1,
          7
        ],
        [
          13,
          8
        ],
        [
          15,
          14
        ],
        [
          1,
          5
        ],
        [
          3,
          4
        ],
        [
          2,
          6
        ],
        [
          5,
          0
        ],
        [
          14,
          3
        ]
      ]
    },
    {
      "n": 2000,
      "loss": 5.840752124786377,
      "loss_std": 4.739615440368652,
      "acc_top1": 0.27250000834465027,
      "mean_logit_target": 11.248614311218262,
      "seed_idx": 4,
      "heads": [
        [
          10,
          11
        ],
        [
          11,
          10
        ],
        [
          2,
          15
        ],
        [
          10,
          5
        ],
        [
          6,
          6
        ],
        [
          2,
          2
        ],
        [
          13,
          5
        ],
        [
          3,
          5
        ],
        [
          7,
          12
        ],
        [
          9,
          11
        ]
      ]
    }
  ],
  "summary": {
    "baseline_loss": 6.030276298522949,
    "candidate_dloss": 1.435333251953125,
    "control_dloss_mean": -0.1213653564453125,
    "control_dloss_std": 0.0427184515006538,
    "control_dloss_min": -0.18952417373657227,
    "control_dloss_max": -0.05991077423095703,
    "z_dloss": 36.44089506321671,
    "z_dacc": -50.587502041511215,
    "z_dlogit": -50.93139270879168,
    "p_exceed_dloss": 0.0
  }
}