{
  "ising_J": {
    "4": {
      "purity": 0.5777777777777777,
      "nmi": 0.27746777789085497,
      "ari": 0.16402148699792454
    },
    "6": {
      "purity": 0.6222222222222222,
      "nmi": 0.4130152724513923,
      "ari": 0.20200306695051873
    },
    "8": {
      "purity": 0.5333333333333333,
      "nmi": 0.2901667272925676,
      "ari": 0.03509808238598225
    },
    "10": {
      "purity": 0.6,
      "nmi": 0.34264229288920517,
      "ari": 0.10724657174124365
    },
    "12": {
      "purity": 0.6666666666666666,
      "nmi": 0.4034896328412497,
      "ari": 0.14509919675436006
    }
  },
  "pearson_raw": {
    "4": {
      "purity": 0.6666666666666666,
      "nmi": 0.47882363656742877,
      "ari": 0.3287114622060196
    },
    "6": {
      "purity": 0.6,
      "nmi": 0.3919760313784112,
      "ari": 0.24178752626454159
    },
    "8": {
      "purity": 0.6444444444444445,
      "nmi": 0.47186021003253326,
      "ari": 0.21822426697795783
    },
    "10": {
      "purity": 0.7111111111111111,
      "nmi": 0.48850407781538446,
      "ari": 0.2937291385555003
    },
    "12": {
      "purity": 0.8,
      "nmi": 0.5605628803110524,
      "ari": 0.25969270389720134
    }
  },
  "pearson_spin": {
    "4": {
      "purity": 0.6444444444444445,
      "nmi": 0.45778950574707244,
      "ari": 0.3368254595769915
    },
    "6": {
      "purity": 0.7111111111111111,
      "nmi": 0.5294927219183165,
      "ari": 0.3772298229512979
    },
    "8": {
      "purity": 0.6888888888888889,
      "nmi": 0.5123619202737087,
      "ari": 0.3253601080324097
    },
    "10": {
      "purity": 0.7111111111111111,
      "nmi": 0.47371524850940705,
      "ari": 0.18590925368383357
    },
    "12": {
      "purity": 0.7555555555555555,
      "nmi": 0.5191158265269173,
      "ari": 0.22308889175765564
    }
  },
  "mutual_info": {
    "4": {
      "purity": 0.6666666666666666,
      "nmi": 0.4615293653046206,
      "ari": 0.4409425256288974
    },
    "6": {
      "purity": 0.7111111111111111,
      "nmi": 0.5085028226661215,
      "ari": 0.48044515941876104
    },
    "8": {
      "purity": 0.7111111111111111,
      "nmi": 0.5138754411403407,
      "ari": 0.3614543275844149
    },
    "10": {
      "purity": 0.7111111111111111,
      "nmi": 0.4565819758105332,
      "ari": 0.2605003808657758
    },
    "12": {
      "purity": 0.7555555555555555,
      "nmi": 0.5498247807645763,
      "ari": 0.43066575587199835
    }
  }
}