{
  "baseline": {
    "loss": 8.386834144592285,
    "loss_std": 2.5652577877044678,
    "acc_top1": 0.04050000011920929,
    "acc_top5": 0.0885000005364418,
    "mean_logit_B": 3.51675
  },
  "ablate_cluster4": {
    "loss": 11.073554992675781,
    "loss_std": 2.2366695404052734,
    "acc_top1": 0.0,
    "acc_top5": 0.0010000000474974513,
    "mean_logit_B": 1.165844482421875
  },
  "ablate_all_in_cluster_layers": {
    "loss": 12.136638641357422,
    "loss_std": 2.5377132892608643,
    "acc_top1": 0.0,
    "acc_top5": 0.0,
    "mean_logit_B": 0.6405093994140625
  },
  "matched_size_controls": [
    {
      "loss": 10.787365913391113,
      "loss_std": 2.293470859527588,
      "acc_top1": 0.0005000000237487257,
      "acc_top5": 0.001500000013038516,
      "mean_logit_B": 1.681859375,
      "seed_idx": 0,
      "heads": [
        [
          8,
          5
        ],
        [
          6,
          1
        ],
        [
          8,
          0
        ],
        [
          3,
          2
        ],
        [
          1,
          3
        ],
        [
          0,
          2
        ],
        [
          6,
          0
        ],
        [
          8,
          3
        ],
        [
          8,
          6
        ],
        [
          3,
          6
        ],
        [
          0,
          4
        ],
        [
          1,
          2
        ],
        [
          3,
          4
        ],
        [
          2,
          6
        ],
        [
          3,
          7
        ],
        [
          9,
          1
        ],
        [
          6,
          5
        ],
        [
          0,
          7
        ],
        [
          1,
          6
        ],
        [
          3,
          3
        ],
        [
          6,
          3
        ],
        [
          9,
          2
        ],
        [
          2,
          2
        ],
        [
          9,
          4
        ],
        [
          6,
          2
        ]
      ],
      "overlap_with_cluster4": 13
    },
    {
      "loss": 10.15025806427002,
      "loss_std": 2.5395114421844482,
      "acc_top1": 0.007499999832361937,
      "acc_top5": 0.017500000074505806,
      "mean_logit_B": 2.063376953125,
      "seed_idx": 1,
      "heads": [
        [
          2,
          7
        ],
        [
          1,
          2
        ],
        [
          3,
          5
        ],
        [
          0,
          2
        ],
        [
          3,
          0
        ],
        [
          2,
          5
        ],
        [
          8,
          5
        ],
        [
          0,
          7
        ],
        [
          2,
          0
        ],
        [
          6,
          5
        ],
        [
          1,
          1
        ],
        [
          2,
          6
        ],
        [
          8,
          3
        ],
        [
          9,
          3
        ],
        [
          9,
          2
        ],
        [
          9,
          6
        ],
        [
          1,
          5
        ],
        [
          2,
          3
        ],
        [
          3,
          1
        ],
        [
          9,
          7
        ],
        [
          6,
          2
        ],
        [
          1,
          0
        ],
        [
          3,
          2
        ],
        [
          3,
          4
        ],
        [
          6,
          1
        ]
      ],
      "overlap_with_cluster4": 11
    },
    {
      "loss": 9.645496368408203,
      "loss_std": 2.6175060272216797,
      "acc_top1": 0.004999999888241291,
      "acc_top5": 0.016499999910593033,
      "mean_logit_B": 2.56695703125,
      "seed_idx": 2,
      "heads": [
        [
          6,
          0
        ],
        [
          0,
          5
        ],
        [
          6,
          1
        ],
        [
          3,
          4
        ],
        [
          0,
          7
        ],
        [
          6,
          6
        ],
        [
          8,
          0
        ],
        [
          1,
          4
        ],
        [
          8,
          7
        ],
        [
          9,
          2
        ],
        [
          3,
          1
        ],
        [
          9,
          3
        ],
        [
          1,
          7
        ],
        [
          9,
          6
        ],
        [
          3,
          7
        ],
        [
          6,
          5
        ],
        [
          0,
          6
        ],
        [
          6,
          4
        ],
        [
          8,
          5
        ],
        [
          2,
          0
        ],
        [
          2,
          3
        ],
        [
          8,
          1
        ],
        [
          3,
          0
        ],
        [
          1,
          0
        ],
        [
          1,
          3
        ]
      ],
      "overlap_with_cluster4": 9
    },
    {
      "loss": 8.993711471557617,
      "loss_std": 3.118651866912842,
      "acc_top1": 0.030500000342726707,
      "acc_top5": 0.07999999821186066,
      "mean_logit_B": 3.5917421875,
      "seed_idx": 3,
      "heads": [
        [
          6,
          2
        ],
        [
          0,
          0
        ],
        [
          1,
          4
        ],
        [
          0,
          5
        ],
        [
          9,
          5
        ],
        [
          1,
          2
        ],
        [
          8,
          7
        ],
        [
          6,
          6
        ],
        [
          9,
          2
        ],
        [
          9,
          0
        ],
        [
          9,
          3
        ],
        [
          2,
          4
        ],
        [
          2,
          1
        ],
        [
          0,
          1
        ],
        [
          8,
          2
        ],
        [
          3,
          4
        ],
        [
          6,
          1
        ],
        [
          6,
          5
        ],
        [
          8,
          0
        ],
        [
          2,
          7
        ],
        [
          9,
          4
        ],
        [
          2,
          2
        ],
        [
          1,
          1
        ],
        [
          1,
          7
        ],
        [
          0,
          7
        ]
      ],
      "overlap_with_cluster4": 10
    },
    {
      "loss": 9.685386657714844,
      "loss_std": 2.9038491249084473,
      "acc_top1": 0.02500000037252903,
      "acc_top5": 0.05550000071525574,
      "mean_logit_B": 2.521265625,
      "seed_idx": 4,
      "heads": [
        [
          3,
          0
        ],
        [
          8,
          6
        ],
        [
          3,
          6
        ],
        [
          9,
          4
        ],
        [
          2,
          0
        ],
        [
          2,
          5
        ],
        [
          8,
          1
        ],
        [
          0,
          6
        ],
        [
          8,
          4
        ],
        [
          1,
          7
        ],
        [
          2,
          1
        ],
        [
          9,
          3
        ],
        [
          0,
          0
        ],
        [
          0,
          4
        ],
        [
          1,
          0
        ],
        [
          9,
          7
        ],
        [
          6,
          6
        ],
        [
          8,
          5
        ],
        [
          8,
          7
        ],
        [
          8,
          2
        ],
        [
          0,
          1
        ],
        [
          2,
          6
        ],
        [
          0,
          7
        ],
        [
          1,
          5
        ],
        [
          9,
          0
        ]
      ],
      "overlap_with_cluster4": 12
    }
  ]
}