{
  "tag": "pythia_1b",
  "supervised_counts": {
    "previous-token": 14,
    "self": 7,
    "unspecialized": 34,
    "duplicate-token": 2,
    "first-token": 69,
    "induction": 2
  },
  "by_k": {
    "6": {
      "per_class": {
        "duplicate-token": {
          "recall": 1.0,
          "precision": 0.1111111111111111,
          "f1": 0.19999999999999998,
          "best_cluster": 3,
          "class_total": 2,
          "cluster_total": 18
        },
        "first-token": {
          "recall": 0.2318840579710145,
          "precision": 0.9411764705882353,
          "f1": 0.372093023255814,
          "best_cluster": 5,
          "class_total": 69,
          "cluster_total": 17
        },
        "induction": {
          "recall": 0.5,
          "precision": 0.0625,
          "f1": 0.1111111111111111,
          "best_cluster": 2,
          "class_total": 2,
          "cluster_total": 16
        },
        "previous-token": {
          "recall": 0.7142857142857143,
          "precision": 0.625,
          "f1": 0.6666666666666666,
          "best_cluster": 4,
          "class_total": 14,
          "cluster_total": 16
        },
        "self": {
          "recall": 0.42857142857142855,
          "precision": 0.21428571428571427,
          "f1": 0.2857142857142857,
          "best_cluster": 1,
          "class_total": 7,
          "cluster_total": 14
        }
      },
      "bos_l01_focus": null
    },
    "8": {
      "per_class": {
        "duplicate-token": {
          "recall": 0.5,
          "precision": 0.125,
          "f1": 0.2,
          "best_cluster": 4,
          "class_total": 2,
          "cluster_total": 8
        },
        "first-token": {
          "recall": 0.2318840579710145,
          "precision": 0.8421052631578947,
          "f1": 0.36363636363636365,
          "best_cluster": 7,
          "class_total": 69,
          "cluster_total": 19
        },
        "induction": {
          "recall": 0.5,
          "precision": 0.07692307692307693,
          "f1": 0.13333333333333336,
          "best_cluster": 2,
          "class_total": 2,
          "cluster_total": 13
        },
        "previous-token": {
          "recall": 0.6428571428571429,
          "precision": 0.5294117647058824,
          "f1": 0.5806451612903226,
          "best_cluster": 0,
          "class_total": 14,
          "cluster_total": 17
        },
        "self": {
          "recall": 0.42857142857142855,
          "precision": 0.17647058823529413,
          "f1": 0.25,
          "best_cluster": 0,
          "class_total": 7,
          "cluster_total": 17
        }
      },
      "bos_l01_focus": null
    },
    "10": {
      "per_class": {
        "duplicate-token": {
          "recall": 0.5,
          "precision": 0.08333333333333333,
          "f1": 0.14285714285714285,
          "best_cluster": 0,
          "class_total": 2,
          "cluster_total": 12
        },
        "first-token": {
          "recall": 0.14492753623188406,
          "precision": 1.0,
          "f1": 0.25316455696202533,
          "best_cluster": 2,
          "class_total": 69,
          "cluster_total": 10
        },
        "induction": {
          "recall": 0.5,
          "precision": 0.09090909090909091,
          "f1": 0.15384615384615385,
          "best_cluster": 4,
          "class_total": 2,
          "cluster_total": 11
        },
        "previous-token": {
          "recall": 0.6428571428571429,
          "precision": 0.6428571428571429,
          "f1": 0.6428571428571429,
          "best_cluster": 5,
          "class_total": 14,
          "cluster_total": 14
        },
        "self": {
          "recall": 0.42857142857142855,
          "precision": 0.25,
          "f1": 0.3157894736842105,
          "best_cluster": 6,
          "class_total": 7,
          "cluster_total": 12
        }
      },
      "bos_l01_focus": null
    },
    "12": {
      "per_class": {
        "duplicate-token": {
          "recall": 0.5,
          "precision": 0.25,
          "f1": 0.3333333333333333,
          "best_cluster": 2,
          "class_total": 2,
          "cluster_total": 4
        },
        "first-token": {
          "recall": 0.2028985507246377,
          "precision": 0.875,
          "f1": 0.32941176470588235,
          "best_cluster": 8,
          "class_total": 69,
          "cluster_total": 16
        },
        "induction": {
          "recall": 0.5,
          "precision": 0.25,
          "f1": 0.3333333333333333,
          "best_cluster": 2,
          "class_total": 2,
          "cluster_total": 4
        },
        "previous-token": {
          "recall": 0.6428571428571429,
          "precision": 0.75,
          "f1": 0.6923076923076924,
          "best_cluster": 5,
          "class_total": 14,
          "cluster_total": 12
        },
        "self": {
          "recall": 0.42857142857142855,
          "precision": 0.2,
          "f1": 0.27272727272727276,
          "best_cluster": 1,
          "class_total": 7,
          "cluster_total": 15
        }
      },
      "bos_l01_focus": null
    }
  }
}