{
  "model": "allenai/OLMo-1B-0724-hf",
  "revision": "step2000-tokens4B",
  "n_layer": 16,
  "n_head": 16,
  "n_examples": 2000,
  "ising_norm": 11.681539330777346,
  "eig_info": {
    "top_eigenvalues": [
      9.230195626234009,
      1.2042921886203686,
      0.9159820984267548,
      0.8904792182650133,
      0.8748461422358474,
      0.8236981527660087,
      0.8066990373916683,
      0.7712691881475717,
      0.7572882589598111,
      0.7456756486622819,
      0.7325561123470055,
      0.7187209311725534,
      0.7018205239438351,
      0.6890309233230132,
      0.6763651040234304
    ],
    "top_gaps": [
      8.025903437613641,
      0.28831009019361376,
      0.025502880161741515,
      0.01563307602916586,
      0.051147989469838784,
      0.0169991153743404,
      0.035429849244096534,
      0.013980929187760616,
      0.011612610297529247,
      0.013119536315276403,
      0.013835181174452038,
      0.016900407228718328,
      0.012789600620821906,
      0.01266581929958277,
      0.0027007666240317363
    ],
    "argmax_gap_below_15": 1
  },
  "metrics_by_k": {
    "4": {
      "n_evaluated": 45,
      "purity": 0.5555555555555556,
      "nmi": 0.24917175415824275,
      "ari": 0.10328185780020503,
      "labels": [
        3,
        2,
        2,
        2,
        2,
        2,
        2,
        2,
        2,
        2,
        2,
        2,
        2,
        2,
        3,
        2,
        2,
        3,
        3,
        3,
        3,
        3,
        3,
        0,
        3,
        3,
        3,
        3,
        3,
        3,
        3,
        1,
        3,
        3,
        3,
        3,
        1,
        3,
        1,
        0,
        3,
        1,
        3,
        3,
        3,
        1,
        1,
        0,
        3,
        3,
        3,
        0,
        1,
        1,
        3,
        3,
        3,
        3,
        0,
        3,
        3,
        1,
        3,
        3,
        1,
        0,
        0,
        0,
        1,
        3,
        1,
        0,
        0,
        1,
        3,
        0,
        3,
        0,
        0,
        1,
        0,
        1,
        1,
        1,
        0,
        3,
        0,
        3,
        1,
        1,
        1,
        1,
        0,
        0,
        0,
        0,
        3,
        0,
        0,
        3,
        0,
        3,
        0,
        1,
        3,
        1,
        1,
        3,
        1,
        1,
        0,
        3,
        1,
        1,
        3,
        0,
        3,
        0,
        0,
        1,
        0,
        1,
        0,
        0,
        1,
        1,
        1,
        1,
        3,
        3,
        1,
        1,
        1,
        0,
        0,
        3,
        0,
        0,
        0,
        0,
        0,
        0,
        0,
        0,
        0,
        1,
        0,
        1,
        0,
        0,
        1,
        0,
        1,
        1,
        1,
        1,
        0,
        1,
        1,
        3,
        0,
        1,
        0,
        3,
        1,
        3,
        0,
        0,
        3,
        1,
        0,
        1,
        1,
        0,
        0,
        0,
        0,
        3,
        0,
        0,
        1,
        0,
        0,
        1,
        0,
        0,
        3,
        0,
        1,
        0,
        1,
        0,
        1,
        1,
        1,
        0,
        0,
        0,
        1,
        0,
        0,
        1,
        3,
        1,
        1,
        3,
        0,
        0,
        0,
        0,
        0,
        1,
        3,
        0,
        0,
        3,
        1,
        0,
        1,
        3,
        0,
        3,
        1,
        3,
        0,
        0,
        1,
        0,
        3,
        0,
        3,
        0,
        1,
        0,
        0,
        1,
        0,
        0,
        0,
        0,
        3,
        1,
        1,
        1,
        0,
        3,
        0,
        3,
        0,
        3,
        1,
        1,
        0,
        0,
        0,
        1
      ]
    },
    "6": {
      "n_evaluated": 45,
      "purity": 0.6,
      "nmi": 0.28076264640521403,
      "ari": 0.08201447507344213,
      "labels": [
        5,
        5,
        5,
        5,
        5,
        0,
        5,
        0,
        0,
        5,
        5,
        5,
        5,
        5,
        5,
        0,
        5,
        2,
        1,
        1,
        2,
        2,
        2,
        3,
        1,
        1,
        2,
        2,
        1,
        2,
        1,
        0,
        1,
        2,
        2,
        2,
        0,
        2,
        2,
        2,
        1,
        2,
        2,
        3,
        1,
        2,
        4,
        4,
        2,
        1,
        3,
        2,
        1,
        4,
        1,
        1,
        2,
        1,
        3,
        2,
        1,
        1,
        1,
        1,
        2,
        4,
        3,
        4,
        1,
        1,
        0,
        4,
        4,
        4,
        2,
        3,
        1,
        4,
        3,
        4,
        4,
        4,
        2,
        4,
        3,
        1,
        4,
        2,
        0,
        0,
        2,
        0,
        3,
        3,
        4,
        0,
        2,
        4,
        2,
        0,
        3,
        2,
        3,
        0,
        1,
        2,
        4,
        3,
        1,
        0,
        3,
        2,
        0,
        4,
        0,
        4,
        3,
        4,
        3,
        0,
        4,
        0,
        3,
        1,
        4,
        4,
        4,
        4,
        1,
        1,
        4,
        0,
        2,
        4,
        3,
        2,
        4,
        4,
        4,
        4,
        3,
        3,
        3,
        3,
        4,
        4,
        3,
        2,
        4,
        3,
        0,
        3,
        4,
        4,
        4,
        1,
        3,
        0,
        0,
        1,
        4,
        0,
        3,
        1,
        4,
        0,
        3,
        3,
        1,
        4,
        4,
        4,
        4,
        4,
        3,
        4,
        4,
        1,
        4,
        3,
        0,
        4,
        1,
        4,
        3,
        4,
        0,
        4,
        2,
        3,
        4,
        3,
        2,
        4,
        2,
        4,
        3,
        2,
        4,
        2,
        0,
        2,
        1,
        4,
        4,
        0,
        3,
        4,
        0,
        3,
        0,
        4,
        0,
        3,
        2,
        1,
        4,
        3,
        4,
        0,
        3,
        0,
        0,
        2,
        3,
        3,
        4,
        4,
        2,
        3,
        0,
        3,
        2,
        3,
        3,
        4,
        3,
        3,
        4,
        3,
        0,
        4,
        0,
        0,
        2,
        2,
        3,
        3,
        3,
        1,
        2,
        0,
        0,
        4,
        3,
        4
      ]
    },
    "8": {
      "n_evaluated": 45,
      "purity": 0.6444444444444445,
      "nmi": 0.3322562501787252,
      "ari": 0.06751583985455262,