{
  "model": "allenai/OLMo-1B-0724-hf",
  "revision": "step5000-tokens10B",
  "n_layer": 16,
  "n_head": 16,
  "n_examples": 2000,
  "ising_norm": 12.762316303489717,
  "eig_info": {
    "top_eigenvalues": [
      10.059873702712537,
      1.169516468445572,
      0.9991555807131229,
      0.9571323628757579,
      0.9290622055642279,
      0.9030199736899367,
      0.8946206622850648,
      0.861478638991526,
      0.8381526611694522,
      0.8187831391286036,
      0.8019246805627859,
      0.7944408160442242,
      0.7786911780371483,
      0.7580261084507839,
      0.741347174743007
    ],
    "top_gaps": [
      8.890357234266965,
      0.17036088773244917,
      0.04202321783736507,
      0.028070157311529953,
      0.026042231874291222,
      0.008399311404871934,
      0.03314202329353877,
      0.023325977822073796,
      0.01936952204084863,
      0.01685845856581769,
      0.007483864518561645,
      0.01574963800707596,
      0.020665069586364382,
      0.016678933707776844,
      0.00705890435039358
    ],
    "argmax_gap_below_15": 1
  },
  "metrics_by_k": {
    "4": {
      "n_evaluated": 45,
      "purity": 0.6,
      "nmi": 0.381153190800377,
      "ari": 0.1709861296783139,
      "labels": [
        0,
        0,
        0,
        0,
        0,
        0,
        0,
        0,
        0,
        2,
        1,
        0,
        0,
        0,
        0,
        0,
        0,
        2,
        2,
        2,
        2,
        2,
        1,
        2,
        2,
        2,
        2,
        2,
        2,
        2,
        2,
        2,
        3,
        2,
        2,
        2,
        2,
        3,
        2,
        2,
        2,
        2,
        3,
        1,
        3,
        1,
        2,
        2,
        2,
        1,
        2,
        1,
        2,
        2,
        2,
        2,
        2,
        1,
        2,
        1,
        2,
        2,
        3,
        2,
        1,
        1,
        1,
        1,
        3,
        3,
        3,
        0,
        0,
        3,
        1,
        1,
        1,
        1,
        3,
        1,
        0,
        2,
        3,
        1,
        3,
        1,
        1,
        2,
        1,
        1,
        2,
        1,
        0,
        2,
        2,
        1,
        3,
        1,
        3,
        1,
        3,
        3,
        1,
        2,
        3,
        3,
        3,
        1,
        1,
        1,
        3,
        1,
        1,
        2,
        1,
        1,
        1,
        2,
        1,
        1,
        1,
        3,
        3,
        1,
        3,
        1,
        2,
        1,
        2,
        3,
        1,
        1,
        3,
        3,
        1,
        3,
        2,
        1,
        1,
        3,
        1,
        0,
        1,
        1,
        1,
        1,
        3,
        3,
        1,
        3,
        1,
        3,
        1,
        1,
        1,
        3,
        1,
        1,
        3,
        1,
        1,
        1,
        3,
        1,
        1,
        3,
        3,
        3,
        3,
        1,
        3,
        1,
        1,
        1,
        1,
        3,
        1,
        3,
        1,
        1,
        1,
        1,
        1,
        1,
        2,
        1,
        2,
        1,
        1,
        3,
        1,
        1,
        1,
        2,
        3,
        1,
        3,
        3,
        3,
        3,
        3,
        3,
        1,
        1,
        1,
        2,
        2,
        3,
        3,
        3,
        3,
        2,
        2,
        3,
        1,
        3,
        3,
        3,
        3,
        3,
        3,
        3,
        1,
        3,
        1,
        3,
        1,
        2,
        1,
        1,
        3,
        1,
        3,
        3,
        3,
        3,
        1,
        3,
        1,
        3,
        3,
        1,
        1,
        3,
        1,
        3,
        3,
        3,
        3,
        3,
        3,
        1,
        3,
        3,
        1,
        1
      ]
    },
    "6": {
      "n_evaluated": 45,
      "purity": 0.5777777777777777,
      "nmi": 0.30106781596142423,
      "ari": 0.07756566440868565,
      "labels": [
        0,
        0,
        0,
        3,
        0,
        0,
        3,
        0,
        3,
        2,
        3,
        0,
        0,
        3,
        3,
        0,
        0,
        2,
        2,
        0,
        2,
        2,
        5,
        2,
        2,
        2,
        2,
        2,
        2,
        2,
        2,
        4,
        0,
        2,
        2,
        4,
        2,
        4,
        2,
        4,
        2,
        2,
        5,
        4,
        0,
        5,
        2,
        2,
        2,
        4,
        2,
        5,
        2,
        2,
        2,
        2,
        2,
        4,
        2,
        3,
        5,
        4,
        1,
        4,
        3,
        3,
        3,
        3,
        1,
        1,
        3,
        3,
        3,
        1,
        3,
        3,
        4,
        3,
        5,
        3,
        3,
        2,
        1,
        5,
        1,
        5,
        3,
        2,
        5,
        5,
        2,
        3,
        3,
        4,
        2,
        5,
        5,
        5,
        2,
        4,
        1,
        1,
        5,
        1,
        1,
        1,
        1,
        5,
        5,
        4,
        5,
        3,
        3,
        4,
        1,
        4,
        5,
        2,
        4,
        5,
        3,
        4,
        4,
        3,
        1,
        4,
        2,
        5,
        4,
        1,
        5,
        5,
        5,
        1,
        5,
        1,
        2,
        5,
        5,
        5,
        3,
        0,
        5,
        5,
        5,
        5,
        1,
        4,
        5,
        1,
        4,
        4,
        5,
        4,
        4,
        1,
        4,
        5,
        1,
        3,
        4,
        5,
        5,
        5,
        5,
        1,
        1,
        1,
        0,
        5,
        0,
        5,
        5,
        5,
        4,
        5,
        5,
        5,
        5,
        4,
        5,
        5,
        4,
        5,
        2,
        5,
        2,
        4,
        3,
        1,
        5,
        5,
        3,
        4,
        1,
        4,
        4,
        5,
        4,
        5,
        1,
        1,
        5,
        3,
        3,
        2,
        2,
        1,
        5,
        1,
        1,
        1,
        2,
        1,
        5,
        5,
        1,
        1,
        1,
        5,
        4,
        4,
        3,
        1,
        5,
        1,
        3,
        5,
        5,
        5,
        1,
        4,
        1,
        1,
        4,
        1,
        4,
        1,
        4,
        4,
        0,
        5,
        5,
        4,
        3,
        1,
        4,
        1,
        1,
        2,
        5,
        3,
        1,
        1,
        5,
        5
      ]
    },
    "8": {
      "n_evaluated": 45,
      "purity": 0.6444444444444445,
      "nmi": 0.3008158537197774,
      "ari": 0.08032941042373123,