{
  "model": "allenai/OLMo-1B-0724-hf",
  "revision": "step1454000-tokens3048B",
  "n_layer": 16,
  "n_head": 16,
  "n_examples": 2000,
  "ising_norm": 19.469652171789228,
  "eig_info": {
    "top_eigenvalues": [
      15.105751944394937,
      1.9069743307882459,
      1.7158898497272908,
      1.5515736483427522,
      1.5090023318334154,
      1.468581037243414,
      1.4551915248958487,
      1.4238734120991192,
      1.3764803837243773,
      1.356661759082384,
      1.3299544537415224,
      1.2737452385004466,
      1.2422098670511932,
      1.2248298793864272,
      1.2139228107855353
    ],
    "top_gaps": [
      13.19877761360669,
      0.1910844810609551,
      0.1643162013845385,
      0.042571316509336876,
      0.04042129459000132,
      0.013389512347565358,
      0.03131811279672947,
      0.04739302837474191,
      0.019818624641993354,
      0.02670730534086152,
      0.056209215241075805,
      0.031535371449253446,
      0.017379987664766006,
      0.010907068600891856,
      0.04313034152974726
    ],
    "argmax_gap_below_15": 1
  },
  "metrics_by_k": {
    "4": {
      "n_evaluated": 45,
      "purity": 0.6666666666666666,
      "nmi": 0.36207908829530067,
      "ari": 0.15442750857643023,
      "labels": [
        1,
        1,
        1,
        1,
        1,
        1,
        1,
        1,
        1,
        1,
        1,
        1,
        1,
        1,
        1,
        1,
        0,
        2,
        2,
        1,
        1,
        1,
        1,
        1,
        1,
        1,
        1,
        1,
        1,
        1,
        1,
        2,
        2,
        2,
        1,
        2,
        2,
        2,
        2,
        3,
        2,
        1,
        2,
        2,
        2,
        2,
        0,
        1,
        2,
        0,
        2,
        0,
        2,
        2,
        0,
        2,
        0,
        2,
        2,
        0,
        2,
        2,
        2,
        2,
        2,
        2,
        0,
        2,
        0,
        0,
        0,
        2,
        0,
        2,
        0,
        2,
        0,
        2,
        2,
        0,
        0,
        2,
        2,
        2,
        0,
        2,
        0,
        2,
        2,
        2,
        2,
        0,
        2,
        0,
        2,
        2,
        2,
        0,
        0,
        0,
        0,
        0,
        0,
        0,
        0,
        0,
        2,
        0,
        2,
        0,
        2,
        0,
        0,
        2,
        2,
        2,
        2,
        0,
        0,
        2,
        0,
        0,
        3,
        0,
        0,
        0,
        0,
        0,
        0,
        0,
        0,
        0,
        0,
        0,
        2,
        0,
        0,
        0,
        2,
        0,
        0,
        0,
        2,
        2,
        0,
        2,
        0,
        0,
        0,
        2,
        0,
        2,
        0,
        0,
        0,
        2,
        0,
        3,
        2,
        0,
        0,
        0,
        0,
        0,
        0,
        0,
        0,
        0,
        0,
        2,
        2,
        2,
        2,
        0,
        3,
        0,
        0,
        3,
        2,
        3,
        0,
        2,
        3,
        0,
        2,
        3,
        2,
        0,
        3,
        2,
        2,
        3,
        2,
        3,
        2,
        0,
        0,
        3,
        3,
        2,
        0,
        3,
        2,
        2,
        3,
        3,
        0,
        2,
        3,
        3,
        3,
        3,
        3,
        3,
        3,
        3,
        2,
        3,
        3,
        3,
        3,
        3,
        3,
        3,
        0,
        3,
        3,
        2,
        0,
        3,
        3,
        1,
        3,
        3,
        3,
        0,
        3,
        3,
        3,
        3,
        3,
        3,
        3,
        3,
        3,
        3,
        3,
        3,
        3,
        3,
        3,
        2,
        2,
        3,
        3,
        3
      ]
    },
    "6": {
      "n_evaluated": 45,
      "purity": 0.6888888888888889,
      "nmi": 0.3811123954668033,
      "ari": 0.13429223722708816,
      "labels": [
        4,
        4,
        4,
        4,
        4,
        4,
        4,
        4,
        4,
        4,
        4,
        4,
        4,
        4,
        4,
        4,
        1,
        4,
        5,
        4,
        4,
        4,
        4,
        4,
        4,
        4,
        4,
        4,
        4,
        4,
        4,
        2,
        2,
        2,
        4,
        2,
        5,
        2,
        2,
        1,
        2,
        4,
        2,
        1,
        2,
        2,
        0,
        4,
        2,
        1,
        2,
        0,
        2,
        2,
        0,
        1,
        0,
        2,
        2,
        1,
        2,
        2,
        2,
        2,
        2,
        2,
        1,
        5,
        0,
        1,
        0,
        5,
        1,
        1,
        0,
        2,
        1,
        2,
        2,
        0,
        0,
        2,
        0,
        2,
        2,
        2,
        0,
        2,
        0,
        0,
        5,
        0,
        2,
        0,
        4,
        2,
        5,
        1,
        0,
        0,
        0,
        0,
        0,
        0,
        0,
        2,
        2,
        1,
        2,
        1,
        2,
        0,
        2,
        2,
        2,
        2,
        2,
        2,
        2,
        0,
        0,
        1,
        5,
        0,
        0,
        0,
        3,
        0,
        2,
        0,
        1,
        0,
        0,
        1,
        2,
        0,
        0,
        0,
        2,
        1,
        0,
        0,
        5,
        2,
        0,
        2,
        0,
        0,
        0,
        2,
        1,
        2,
        3,
        0,
        0,
        2,
        0,
        3,
        2,
        1,
        3,
        0,
        0,
        0,
        1,
        3,
        0,
        3,
        0,
        2,
        2,
        2,
        5,
        0,
        3,
        0,
        3,
        3,
        5,
        5,
        0,
        2,
        3,
        0,
        2,
        5,
        2,
        3,
        3,
        2,
        5,
        3,
        2,
        5,
        2,
        0,
        3,
        3,
        5,
        2,
        1,
        3,
        2,
        2,
        3,
        5,
        3,
        2,
        5,
        3,
        5,
        3,
        5,
        3,
        3,
        3,
        5,
        3,
        3,
        3,
        3,
        3,
        1,
        5,
        3,
        3,
        3,
        5,
        3,
        3,
        3,
        3,
        3,
        3,
        5,
        3,
        5,
        1,
        3,
        3,
        5,
        1,
        1,
        1,
        1,
        3,
        1,
        3,
        5,
        5,
        1,
        2,
        2,
        3,
        3,
        5
      ]
    },
    "8": {
      "n_evaluated": 45,
      "purity": 0.6444444444444445,
      "nmi": 0.4154306147596285,
      "ari": 0.1411818254839487,