{
  "model": "allenai/OLMo-1B-0724-hf",
  "revision": "step1000-tokens2B",
  "n_layer": 16,
  "n_head": 16,
  "n_examples": 2000,
  "ising_norm": 11.177159130712607,
  "eig_info": {
    "top_eigenvalues": [
      8.829816506109461,
      1.120303346428787,
      0.8878837909317902,
      0.877517455846598,
      0.8036601242377281,
      0.7920992885545433,
      0.7588181572141544,
      0.7513816112696784,
      0.7420616582287433,
      0.7256479531279423,
      0.7087000903110274,
      0.6975163219701969,
      0.6885005071329602,
      0.6741532740766468,
      0.6630838231169436
    ],
    "top_gaps": [
      7.709513159680674,
      0.2324195554969969,
      0.010366335085192135,
      0.07385733160886987,
      0.011560835683184889,
      0.0332811313403889,
      0.0074365459444759585,
      0.009319953040935136,
      0.01641370510080098,
      0.01694786281691485,
      0.011183768340830569,
      0.00901581483723668,
      0.014347233056313358,
      0.011069450959703242,
      0.01948672535798268
    ],
    "argmax_gap_below_15": 1
  },
  "metrics_by_k": {
    "4": {
      "n_evaluated": 45,
      "purity": 0.5777777777777777,
      "nmi": 0.2905006332248964,
      "ari": 0.10559006211180125,
      "labels": [
        2,
        2,
        2,
        2,
        2,
        2,
        2,
        2,
        2,
        2,
        2,
        2,
        2,
        2,
        2,
        3,
        2,
        3,
        0,
        3,
        0,
        3,
        3,
        3,
        3,
        0,
        3,
        0,
        0,
        3,
        0,
        0,
        3,
        3,
        0,
        0,
        0,
        3,
        3,
        0,
        2,
        0,
        3,
        0,
        0,
        3,
        0,
        0,
        1,
        0,
        3,
        2,
        1,
        3,
        0,
        0,
        3,
        3,
        1,
        1,
        1,
        3,
        1,
        3,
        0,
        3,
        3,
        3,
        3,
        0,
        1,
        3,
        1,
        3,
        1,
        3,
        0,
        3,
        1,
        0,
        1,
        3,
        3,
        1,
        1,
        1,
        0,
        3,
        3,
        3,
        0,
        3,
        3,
        3,
        1,
        3,
        3,
        1,
        3,
        3,
        0,
        0,
        1,
        1,
        1,
        0,
        1,
        1,
        3,
        1,
        0,
        3,
        3,
        3,
        3,
        1,
        0,
        1,
        1,
        1,
        1,
        3,
        1,
        1,
        3,
        1,
        0,
        1,
        1,
        1,
        0,
        0,
        1,
        3,
        1,
        3,
        3,
        3,
        0,
        3,
        1,
        0,
        3,
        1,
        1,
        1,
        3,
        3,
        3,
        3,
        1,
        1,
        2,
        3,
        3,
        1,
        1,
        1,
        1,
        3,
        3,
        3,
        3,
        3,
        1,
        0,
        3,
        3,
        0,
        1,
        1,
        0,
        1,
        1,
        3,
        3,
        1,
        3,
        1,
        0,
        1,
        3,
        1,
        1,
        0,
        0,
        3,
        1,
        1,
        0,
        1,
        1,
        1,
        1,
        1,
        1,
        1,
        1,
        1,
        3,
        1,
        1,
        3,
        0,
        1,
        0,
        3,
        1,
        3,
        1,
        1,
        0,
        1,
        0,
        3,
        1,
        1,
        0,
        3,
        3,
        1,
        0,
        3,
        0,
        1,
        3,
        1,
        1,
        0,
        1,
        0,
        1,
        3,
        0,
        0,
        3,
        1,
        0,
        1,
        1,
        0,
        3,
        1,
        1,
        1,
        1,
        1,
        1,
        1,
        0,
        1,
        1,
        3,
        1,
        1,
        0
      ]
    },
    "6": {
      "n_evaluated": 45,
      "purity": 0.5777777777777777,
      "nmi": 0.2861928055306963,
      "ari": 0.09415080232357509,
      "labels": [
        2,
        2,
        2,
        2,
        2,
        2,
        2,
        2,
        2,
        2,
        2,
        2,
        2,
        2,
        2,
        3,
        2,
        3,
        3,
        3,
        5,
        3,
        0,
        3,
        3,
        5,
        0,
        1,
        5,
        0,
        1,
        5,
        0,
        3,
        5,
        5,
        5,
        3,
        3,
        5,
        2,
        3,
        3,
        1,
        1,
        0,
        1,
        1,
        4,
        4,
        3,
        2,
        3,
        3,
        5,
        1,
        3,
        3,
        4,
        4,
        0,
        3,
        4,
        1,
        1,
        4,
        3,
        3,
        0,
        1,
        4,
        1,
        4,
        0,
        3,
        0,
        1,
        3,
        4,
        0,
        4,
        3,
        3,
        4,
        0,
        4,
        0,
        0,
        3,
        3,
        1,
        3,
        3,
        0,
        1,
        1,
        3,
        4,
        0,
        0,
        4,
        1,
        4,
        1,
        4,
        4,
        4,
        4,
        3,
        0,
        4,
        0,
        1,
        1,
        0,
        1,
        5,
        4,
        1,
        4,
        4,
        1,
        4,
        4,
        3,
        4,
        0,
        3,
        4,
        4,
        3,
        3,
        4,
        3,
        4,
        0,
        4,
        0,
        0,
        1,
        4,
        0,
        1,
        1,
        0,
        1,
        0,
        0,
        3,
        3,
        1,
        3,
        2,
        3,
        4,
        1,
        1,
        4,
        3,
        0,
        1,
        1,
        1,
        1,
        4,
        1,
        4,
        3,
        0,
        4,
        4,
        0,
        4,
        4,
        0,
        0,
        4,
        3,
        4,
        1,
        1,
        3,
        4,
        1,
        0,
        5,
        1,
        4,
        1,
        1,
        1,
        3,
        4,
        4,
        1,
        3,
        0,
        4,
        4,
        3,
        1,
        4,
        3,
        4,
        4,
        5,
        1,
        1,
        3,
        4,
        4,
        1,
        4,
        0,
        0,
        3,
        4,
        3,
        0,
        4,
        0,
        5,
        2,
        5,
        0,
        1,
        4,
        4,
        1,
        4,
        1,
        4,
        0,
        3,
        0,
        0,
        3,
        5,
        4,
        4,
        5,
        0,
        4,
        4,
        3,
        4,
        4,
        4,
        0,
        5,
        4,
        1,
        0,
        1,
        1,
        5
      ]
    },
    "8": {
      "n_evaluated": 45,
      "purity": 0.6222222222222222,
      "nmi": 0.2716334039724775,
      "ari": 0.07992035586656154,