{
  "model": "allenai/OLMo-1B-0724-hf",
  "revision": "step126000-tokens264B",
  "n_layer": 16,
  "n_head": 16,
  "n_examples": 2000,
  "ising_norm": 15.696346981186924,
  "eig_info": {
    "top_eigenvalues": [
      12.193257841067515,
      2.189982775863995,
      1.4571852047039684,
      1.2924423458503234,
      1.2607784847727623,
      1.2092278851402654,
      1.165843339105004,
      1.0906719791635888,
      1.0686420847185052,
      1.0545098963624424,
      1.0141034948378354,
      0.9800854010907054,
      0.964145864753058,
      0.9517909005922143,
      0.9195444050323234
    ],
    "top_gaps": [
      10.003275065203521,
      0.7327975711600265,
      0.16474285885364504,
      0.03166386107756103,
      0.051550599632496974,
      0.04338454603526132,
      0.07517135994141522,
      0.02202989444508363,
      0.01413218835606278,
      0.04040640152460706,
      0.03401809374712994,
      0.015939536337647442,
      0.012354964160843696,
      0.0322464955598909,
      0.010481538646168298
    ],
    "argmax_gap_below_15": 1
  },
  "metrics_by_k": {
    "4": {
      "n_evaluated": 45,
      "purity": 0.5777777777777777,
      "nmi": 0.32482465833779844,
      "ari": 0.12830188679245283,
      "labels": [
        2,
        2,
        0,
        2,
        2,
        1,
        2,
        2,
        2,
        2,
        2,
        2,
        1,
        2,
        2,
        2,
        1,
        0,
        1,
        1,
        1,
        1,
        2,
        1,
        1,
        1,
        1,
        3,
        2,
        1,
        2,
        1,
        1,
        1,
        1,
        1,
        1,
        1,
        1,
        1,
        1,
        1,
        1,
        1,
        1,
        1,
        1,
        1,
        1,
        1,
        0,
        1,
        1,
        1,
        0,
        0,
        3,
        1,
        1,
        1,
        1,
        0,
        0,
        0,
        1,
        1,
        0,
        0,
        0,
        1,
        0,
        1,
        0,
        1,
        0,
        0,
        1,
        1,
        1,
        0,
        0,
        1,
        1,
        1,
        0,
        1,
        1,
        0,
        1,
        1,
        0,
        1,
        1,
        1,
        0,
        1,
        1,
        0,
        0,
        0,
        0,
        0,
        0,
        0,
        0,
        0,
        0,
        0,
        1,
        1,
        3,
        0,
        0,
        0,
        0,
        1,
        1,
        0,
        0,
        0,
        0,
        1,
        0,
        0,
        0,
        1,
        0,
        1,
        0,
        3,
        3,
        0,
        3,
        0,
        0,
        0,
        0,
        0,
        0,
        3,
        3,
        0,
        1,
        0,
        0,
        0,
        0,
        0,
        1,
        0,
        1,
        0,
        0,
        0,
        0,
        0,
        0,
        1,
        0,
        1,
        0,
        3,
        1,
        3,
        3,
        3,
        3,
        3,
        3,
        0,
        0,
        1,
        0,
        3,
        3,
        0,
        3,
        3,
        0,
        1,
        0,
        0,
        1,
        3,
        0,
        3,
        1,
        0,
        3,
        3,
        0,
        0,
        3,
        3,
        3,
        0,
        3,
        0,
        1,
        0,
        3,
        3,
        0,
        0,
        0,
        3,
        3,
        3,
        0,
        3,
        3,
        3,
        1,
        3,
        3,
        3,
        3,
        3,
        3,
        3,
        3,
        1,
        3,
        3,
        3,
        3,
        0,
        0,
        3,
        3,
        3,
        3,
        0,
        3,
        1,
        3,
        0,
        3,
        0,
        3,
        2,
        3,
        3,
        1,
        3,
        3,
        3,
        3,
        0,
        3,
        3,
        0,
        1,
        3,
        3,
        3
      ]
    },
    "6": {
      "n_evaluated": 45,
      "purity": 0.6,
      "nmi": 0.347340651562731,
      "ari": 0.14584430276142862,
      "labels": [
        0,
        0,
        1,
        0,
        0,
        4,
        0,
        0,
        2,
        0,
        0,
        0,
        2,
        0,
        0,
        0,
        2,
        4,
        2,
        2,
        2,
        2,
        0,
        2,
        2,
        2,
        2,
        3,
        0,
        2,
        0,
        2,
        1,
        2,
        2,
        5,
        2,
        2,
        2,
        2,
        1,
        2,
        2,
        2,
        2,
        2,
        2,
        2,
        2,
        2,
        1,
        2,
        2,
        2,
        4,
        1,
        5,
        2,
        2,
        2,
        2,
        1,
        4,
        1,
        4,
        4,
        1,
        1,
        1,
        2,
        4,
        4,
        4,
        4,
        4,
        4,
        4,
        4,
        5,
        1,
        4,
        2,
        2,
        5,
        4,
        5,
        4,
        4,
        4,
        4,
        4,
        4,
        4,
        2,
        4,
        4,
        2,
        4,
        4,
        4,
        1,
        4,
        1,
        1,
        4,
        4,
        1,
        4,
        4,
        4,
        3,
        1,
        1,
        1,
        4,
        4,
        2,
        1,
        4,
        5,
        4,
        4,
        4,
        4,
        4,
        2,
        4,
        4,
        4,
        4,
        3,
        1,
        4,
        1,
        1,
        1,
        4,
        4,
        1,
        5,
        5,
        4,
        3,
        1,
        4,
        1,
        1,
        1,
        2,
        1,
        4,
        1,
        5,
        4,
        1,
        1,
        1,
        5,
        5,
        4,
        1,
        5,
        2,
        3,
        3,
        5,
        5,
        5,
        4,
        1,
        1,
        4,
        1,
        5,
        5,
        1,
        3,
        5,
        1,
        2,
        5,
        1,
        4,
        3,
        5,
        5,
        5,
        1,
        5,
        3,
        5,
        1,
        5,
        5,
        5,
        1,
        3,
        5,
        5,
        3,
        3,
        3,
        4,
        1,
        1,
        5,
        3,
        3,
        4,
        3,
        5,
        3,
        5,
        3,
        3,
        3,
        3,
        3,
        3,
        3,
        5,
        5,
        5,
        5,
        3,
        3,
        1,
        5,
        3,
        3,
        3,
        3,
        5,
        3,
        5,
        3,
        5,
        3,
        1,
        3,
        5,
        5,
        5,
        5,
        5,
        3,
        5,
        3,
        5,
        5,
        5,
        5,
        2,
        3,
        3,
        5
      ]
    },
    "8": {
      "n_evaluated": 45,
      "purity": 0.5777777777777777,
      "nmi": 0.3201835892427616,
      "ari": 0.11995482375319504,