{
  "model": "allenai/OLMo-1B-0724-hf",
  "revision": "step56000-tokens117B",
  "n_layer": 16,
  "n_head": 16,
  "n_examples": 2000,
  "ising_norm": 80.42210544008806,
  "eig_info": {
    "top_eigenvalues": [
      62.100009396201976,
      14.465099871546695,
      3.1391286025482357,
      1.5003379748840158,
      1.3583369567433672,
      1.2102993582860528,
      1.1890101570544405,
      1.1568290753822263,
      1.1304541147605047,
      1.0777136136813668,
      1.0332077558949269,
      1.025326569367556,
      0.9773448699666935,
      0.9479246555995924,
      0.9360358598187499
    ],
    "top_gaps": [
      47.634909524655285,
      11.325971268998458,
      1.63879062766422,
      0.14200101814064858,
      0.14803759845731435,
      0.021289201231612376,
      0.03218108167221412,
      0.02637496062172162,
      0.05274050107913797,
      0.044505857786439895,
      0.00788118652737091,
      0.0479816994008625,
      0.029420214367101072,
      0.011888795780842454,
      0.029840465661661764
    ],
    "argmax_gap_below_15": 1
  },
  "metrics_by_k": {
    "4": {
      "n_evaluated": 45,
      "purity": 0.5333333333333333,
      "nmi": 0.19381713660598196,
      "ari": 0.04819486086676413,
      "labels": [
        2,
        2,
        0,
        2,
        2,
        2,
        2,
        2,
        1,
        0,
        2,
        2,
        2,
        2,
        2,
        2,
        2,
        0,
        1,
        2,
        1,
        1,
        1,
        2,
        2,
        2,
        2,
        2,
        1,
        1,
        0,
        1,
        2,
        0,
        1,
        1,
        2,
        1,
        2,
        1,
        1,
        1,
        2,
        1,
        2,
        1,
        1,
        2,
        0,
        1,
        0,
        2,
        1,
        0,
        2,
        2,
        0,
        0,
        0,
        1,
        0,
        1,
        1,
        1,
        3,
        0,
        3,
        3,
        3,
        0,
        3,
        3,
        3,
        2,
        0,
        3,
        1,
        3,
        0,
        3,
        3,
        3,
        3,
        3,
        0,
        1,
        3,
        3,
        3,
        3,
        1,
        3,
        3,
        3,
        3,
        0,
        1,
        3,
        0,
        0,
        1,
        3,
        3,
        0,
        0,
        3,
        0,
        3,
        1,
        3,
        3,
        1,
        3,
        0,
        0,
        1,
        2,
        3,
        3,
        3,
        3,
        0,
        1,
        3,
        1,
        1,
        1,
        3,
        0,
        0,
        1,
        0,
        0,
        1,
        2,
        3,
        3,
        2,
        0,
        3,
        2,
        0,
        3,
        0,
        1,
        3,
        3,
        3,
        1,
        2,
        3,
        1,
        0,
        3,
        0,
        3,
        3,
        2,
        0,
        1,
        3,
        3,
        0,
        3,
        1,
        1,
        3,
        3,
        3,
        3,
        0,
        1,
        3,
        2,
        0,
        1,
        0,
        0,
        0,
        2,
        3,
        0,
        0,
        0,
        0,
        2,
        1,
        0,
        3,
        2,
        0,
        3,
        0,
        0,
        1,
        0,
        0,
        1,
        3,
        2,
        3,
        3,
        0,
        0,
        3,
        1,
        0,
        0,
        2,
        3,
        0,
        3,
        1,
        3,
        2,
        3,
        3,
        0,
        3,
        3,
        2,
        0,
        3,
        0,
        3,
        3,
        3,
        3,
        3,
        3,
        3,
        2,
        2,
        3,
        0,
        0,
        3,
        2,
        0,
        3,
        1,
        2,
        0,
        1,
        3,
        1,
        3,
        0,
        1,
        0,
        2,
        1,
        1,
        2,
        3,
        2
      ]
    },
    "6": {
      "n_evaluated": 45,
      "purity": 0.5111111111111111,
      "nmi": 0.20336073576784044,
      "ari": 0.03982930298719772,
      "labels": [
        0,
        0,
        0,
        5,
        3,
        0,
        3,
        2,
        0,
        0,
        3,
        0,
        2,
        3,
        2,
        2,
        2,
        0,
        0,
        3,
        5,
        0,
        2,
        2,
        0,
        0,
        2,
        2,
        2,
        2,
        0,
        2,
        0,
        0,
        0,
        4,
        2,
        2,
        3,
        4,
        2,
        2,
        2,
        2,
        2,
        2,
        2,
        0,
        4,
        4,
        4,
        3,
        2,
        0,
        3,
        4,
        0,
        0,
        0,
        2,
        0,
        4,
        5,
        2,
        3,
        4,
        4,
        4,
        4,
        0,
        4,
        4,
        4,
        2,
        0,
        4,
        4,
        4,
        0,
        4,
        4,
        4,
        4,
        5,
        4,
        5,
        5,
        4,
        4,
        4,
        4,
        4,
        4,
        3,
        3,
        0,
        5,
        4,
        3,
        4,
        5,
        4,
        4,
        4,
        3,
        5,
        3,
        4,
        2,
        0,
        5,
        4,
        4,
        5,
        0,
        0,
        0,
        5,
        3,
        3,
        4,
        0,
        2,
        4,
        5,
        5,
        5,
        5,
        0,
        0,
        5,
        0,
        0,
        5,
        5,
        3,
        3,
        3,
        0,
        5,
        3,
        0,
        5,
        0,
        0,
        4,
        3,
        5,
        5,
        3,
        3,
        5,
        3,
        5,
        5,
        5,
        3,
        2,
        0,
        5,
        5,
        5,
        3,
        5,
        5,
        0,
        5,
        5,
        5,
        5,
        3,
        0,
        0,
        0,
        0,
        1,
        3,
        3,
        3,
        2,
        3,
        0,
        0,
        3,
        3,
        3,
        1,
        5,
        4,
        5,
        1,
        1,
        3,
        3,
        1,
        0,
        0,
        5,
        1,
        3,
        3,
        1,
        0,
        0,
        1,
        1,
        3,
        4,
        3,
        1,
        0,
        1,
        1,
        1,
        1,
        1,
        1,
        1,
        1,
        1,
        3,
        1,
        3,
        0,
        1,
        1,
        0,
        3,
        1,
        1,
        1,
        1,
        1,
        1,
        0,
        1,
        1,
        1,
        1,
        1,
        1,
        1,
        1,
        1,
        1,
        1,
        1,
        1,
        1,
        0,
        3,
        0,
        2,
        1,
        1,
        3
      ]
    },
    "8": {
      "n_evaluated": 45,
      "purity": 0.6888888888888889,
      "nmi": 0.40595295283859917,
      "ari": 0.23431793584351787,