{
  "model": "allenai/OLMo-1B-0724-hf",
  "revision": "step644000-tokens1350B",
  "n_layer": 16,
  "n_head": 16,
  "n_examples": 2000,
  "ising_norm": 15.509266496360572,
  "eig_info": {
    "top_eigenvalues": [
      12.078197042043918,
      1.814574718296201,
      1.3547024361847686,
      1.2619612574813583,
      1.173725438194836,
      1.151995982629889,
      1.1301205741424643,
      1.0919925245549202,
      1.0779899214975615,
      1.009241999546251,
      0.9913170692897786,
      0.9804883287176704,
      0.9463653153613811,
      0.9289665869298424,
      0.9222372058328113
    ],
    "top_gaps": [
      10.263622323747716,
      0.4598722821114325,
      0.09274117870341025,
      0.08823581928652224,
      0.02172945556494721,
      0.02187540848742464,
      0.03812804958754401,
      0.014002603057358787,
      0.06874792195131052,
      0.01792493025647235,
      0.010828740572108142,
      0.03412301335628931,
      0.01739872843153878,
      0.006729381097031029,
      0.003851288032929001
    ],
    "argmax_gap_below_15": 1
  },
  "metrics_by_k": {
    "4": {
      "n_evaluated": 45,
      "purity": 0.6888888888888889,
      "nmi": 0.4299617032957032,
      "ari": 0.24184770903034045,
      "labels": [
        2,
        2,
        2,
        2,
        2,
        2,
        2,
        2,
        2,
        2,
        2,
        2,
        2,
        2,
        2,
        2,
        2,
        2,
        1,
        2,
        2,
        1,
        1,
        2,
        2,
        2,
        2,
        1,
        2,
        2,
        2,
        0,
        1,
        0,
        0,
        1,
        0,
        2,
        0,
        0,
        1,
        1,
        1,
        0,
        1,
        1,
        2,
        1,
        0,
        1,
        3,
        0,
        3,
        0,
        0,
        1,
        0,
        3,
        1,
        0,
        1,
        1,
        1,
        1,
        1,
        1,
        0,
        1,
        1,
        0,
        0,
        1,
        0,
        1,
        1,
        1,
        0,
        0,
        1,
        0,
        0,
        0,
        0,
        1,
        0,
        1,
        1,
        1,
        0,
        0,
        1,
        0,
        0,
        1,
        1,
        1,
        1,
        0,
        0,
        1,
        0,
        0,
        0,
        0,
        0,
        1,
        1,
        1,
        1,
        1,
        1,
        3,
        0,
        0,
        0,
        2,
        0,
        0,
        0,
        1,
        0,
        0,
        0,
        1,
        0,
        1,
        0,
        0,
        1,
        0,
        0,
        1,
        0,
        0,
        1,
        1,
        0,
        0,
        0,
        0,
        0,
        0,
        3,
        0,
        0,
        0,
        0,
        0,
        0,
        0,
        0,
        0,
        1,
        0,
        0,
        1,
        0,
        0,
        1,
        0,
        3,
        0,
        0,
        0,
        0,
        3,
        0,
        0,
        0,
        1,
        2,
        3,
        3,
        0,
        0,
        0,
        3,
        3,
        1,
        1,
        0,
        0,
        0,
        1,
        0,
        0,
        1,
        3,
        0,
        3,
        1,
        3,
        1,
        3,
        3,
        3,
        0,
        0,
        0,
        0,
        3,
        3,
        3,
        1,
        0,
        2,
        3,
        3,
        3,
        3,
        3,
        3,
        3,
        3,
        3,
        3,
        1,
        3,
        3,
        3,
        3,
        1,
        3,
        3,
        3,
        3,
        3,
        3,
        3,
        3,
        3,
        3,
        3,
        3,
        0,
        3,
        3,
        3,
        3,
        3,
        0,
        3,
        3,
        3,
        3,
        3,
        1,
        3,
        3,
        3,
        3,
        0,
        2,
        3,
        1,
        3
      ]
    },
    "6": {
      "n_evaluated": 45,
      "purity": 0.6666666666666666,
      "nmi": 0.3507681773622606,
      "ari": 0.11688182967019352,
      "labels": [
        3,
        3,
        3,
        3,
        3,
        3,
        3,
        3,
        3,
        3,
        3,
        3,
        3,
        3,
        3,
        3,
        3,
        4,
        2,
        3,
        3,
        3,
        1,
        3,
        3,
        3,
        1,
        1,
        3,
        3,
        3,
        2,
        1,
        0,
        2,
        1,
        2,
        3,
        2,
        2,
        1,
        4,
        1,
        2,
        1,
        1,
        3,
        4,
        2,
        1,
        4,
        0,
        2,
        2,
        0,
        1,
        2,
        2,
        1,
        2,
        1,
        1,
        1,
        0,
        4,
        4,
        0,
        1,
        4,
        2,
        4,
        4,
        0,
        4,
        3,
        1,
        0,
        2,
        1,
        0,
        0,
        2,
        3,
        1,
        0,
        1,
        1,
        4,
        4,
        0,
        4,
        0,
        0,
        4,
        4,
        2,
        1,
        0,
        0,
        4,
        0,
        0,
        0,
        0,
        4,
        4,
        1,
        0,
        4,
        4,
        1,
        5,
        0,
        2,
        4,
        2,
        0,
        0,
        0,
        0,
        0,
        0,
        0,
        4,
        0,
        4,
        0,
        0,
        0,
        0,
        0,
        0,
        0,
        0,
        1,
        1,
        0,
        0,
        0,
        2,
        0,
        0,
        2,
        0,
        2,
        0,
        0,
        2,
        0,
        1,
        2,
        4,
        5,
        0,
        0,
        1,
        0,
        4,
        1,
        0,
        5,
        0,
        0,
        2,
        0,
        1,
        2,
        0,
        0,
        1,
        2,
        4,
        2,
        0,
        2,
        2,
        2,
        5,
        1,
        4,
        2,
        2,
        0,
        1,
        0,
        2,
        1,
        2,
        0,
        2,
        1,
        5,
        1,
        2,
        4,
        2,
        2,
        2,
        2,
        2,
        5,
        5,
        2,
        1,
        2,
        2,
        5,
        2,
        2,
        5,
        5,
        2,
        4,
        5,
        5,
        5,
        4,
        5,
        5,
        5,
        5,
        2,
        2,
        2,
        5,
        5,
        5,
        4,
        5,
        5,
        5,
        5,
        5,
        5,
        2,
        5,
        2,
        2,
        4,
        5,
        2,
        2,
        2,
        2,
        2,
        5,
        2,
        5,
        2,
        2,
        5,
        2,
        3,
        5,
        1,
        2
      ]
    },
    "8": {
      "n_evaluated": 45,
      "purity": 0.6666666666666666,
      "nmi": 0.4081192014984629,
      "ari": 0.15242044453683595,