{
  "model": "allenai/OLMo-1B-0724-hf",
  "revision": "step285000-tokens597B",
  "n_layer": 16,
  "n_head": 16,
  "n_examples": 2000,
  "ising_norm": 79.64095244592941,
  "eig_info": {
    "top_eigenvalues": [
      61.42975984446097,
      11.588157910125819,
      3.0349651377575384,
      1.4658564367210645,
      1.3918851318466772,
      1.16125951038786,
      1.0938685325080548,
      1.0414637929071748,
      1.0093923255510335,
      1.0015747844853589,
      0.9875814753403457,
      0.9602102283991013,
      0.9265469390095376,
      0.9010230540985956,
      0.8891249452889484
    ],
    "top_gaps": [
      49.841601934335145,
      8.55319277236828,
      1.569108701036474,
      0.0739713048743873,
      0.23062562145881715,
      0.06739097787980519,
      0.05240473960087999,
      0.0320714673561413,
      0.007817541065674671,
      0.013993309145013177,
      0.027371246941244376,
      0.033663289389563755,
      0.02552388491094193,
      0.011898108809647256,
      0.0149114728438966
    ],
    "argmax_gap_below_15": 1
  },
  "metrics_by_k": {
    "4": {
      "n_evaluated": 45,
      "purity": 0.6,
      "nmi": 0.26713533776694726,
      "ari": 0.11432083589428396,
      "labels": [
        0,
        2,
        3,
        2,
        2,
        3,
        2,
        3,
        2,
        2,
        0,
        2,
        2,
        2,
        2,
        2,
        2,
        2,
        2,
        2,
        3,
        1,
        2,
        2,
        2,
        3,
        2,
        2,
        2,
        0,
        2,
        2,
        2,
        2,
        2,
        2,
        3,
        2,
        2,
        1,
        3,
        1,
        2,
        2,
        2,
        0,
        2,
        3,
        1,
        1,
        0,
        3,
        2,
        1,
        1,
        2,
        3,
        1,
        1,
        3,
        1,
        1,
        2,
        1,
        0,
        0,
        0,
        3,
        1,
        0,
        1,
        2,
        3,
        1,
        0,
        2,
        1,
        3,
        1,
        1,
        0,
        1,
        1,
        1,
        3,
        1,
        0,
        1,
        1,
        1,
        3,
        3,
        1,
        0,
        1,
        1,
        2,
        3,
        0,
        0,
        1,
        3,
        0,
        0,
        2,
        3,
        1,
        3,
        1,
        0,
        3,
        0,
        0,
        1,
        0,
        3,
        2,
        0,
        0,
        0,
        2,
        3,
        2,
        3,
        0,
        0,
        1,
        3,
        3,
        1,
        0,
        3,
        1,
        3,
        1,
        1,
        1,
        1,
        1,
        0,
        0,
        1,
        0,
        2,
        1,
        1,
        1,
        2,
        1,
        1,
        0,
        1,
        1,
        0,
        1,
        3,
        3,
        2,
        2,
        3,
        0,
        1,
        1,
        1,
        0,
        1,
        0,
        0,
        1,
        3,
        3,
        0,
        0,
        3,
        1,
        0,
        3,
        0,
        3,
        3,
        1,
        3,
        1,
        0,
        0,
        0,
        2,
        1,
        0,
        1,
        0,
        1,
        0,
        3,
        2,
        2,
        3,
        3,
        0,
        3,
        1,
        0,
        0,
        1,
        0,
        3,
        0,
        1,
        0,
        1,
        0,
        0,
        2,
        1,
        0,
        0,
        0,
        0,
        1,
        1,
        0,
        0,
        0,
        0,
        0,
        0,
        2,
        0,
        0,
        1,
        3,
        3,
        0,
        0,
        2,
        3,
        0,
        1,
        1,
        0,
        3,
        0,
        3,
        1,
        1,
        0,
        1,
        1,
        0,
        1,
        1,
        0,
        1,
        1,
        0,
        2
      ]
    },
    "6": {
      "n_evaluated": 45,
      "purity": 0.6,
      "nmi": 0.2925081130271103,
      "ari": 0.07239349139575656,
      "labels": [
        4,
        2,
        1,
        2,
        2,
        4,
        2,
        1,
        2,
        2,
        4,
        2,
        2,
        2,
        4,
        2,
        2,
        4,
        2,
        2,
        1,
        2,
        2,
        2,
        2,
        1,
        2,
        4,
        2,
        4,
        2,
        2,
        0,
        2,
        5,
        2,
        1,
        2,
        4,
        1,
        1,
        0,
        2,
        5,
        2,
        4,
        2,
        1,
        2,
        0,
        4,
        1,
        0,
        2,
        0,
        2,
        1,
        2,
        2,
        1,
        0,
        0,
        2,
        1,
        4,
        4,
        4,
        1,
        0,
        4,
        0,
        0,
        0,
        0,
        0,
        5,
        0,
        1,
        0,
        0,
        4,
        0,
        0,
        0,
        1,
        0,
        4,
        0,
        0,
        0,
        1,
        2,
        0,
        4,
        0,
        0,
        5,
        1,
        4,
        0,
        0,
        1,
        4,
        4,
        5,
        1,
        0,
        1,
        5,
        4,
        1,
        0,
        4,
        5,
        0,
        1,
        5,
        4,
        4,
        4,
        0,
        1,
        2,
        1,
        4,
        4,
        0,
        1,
        1,
        0,
        4,
        1,
        0,
        1,
        0,
        3,
        0,
        0,
        0,
        4,
        4,
        0,
        0,
        5,
        0,
        0,
        0,
        2,
        0,
        0,
        4,
        0,
        5,
        4,
        0,
        1,
        1,
        5,
        5,
        4,
        4,
        3,
        5,
        0,
        3,
        3,
        3,
        4,
        0,
        1,
        3,
        4,
        4,
        1,
        5,
        4,
        1,
        4,
        1,
        3,
        0,
        1,
        3,
        4,
        3,
        4,
        2,
        4,
        4,
        0,
        0,
        0,
        4,
        1,
        5,
        5,
        1,
        5,
        4,
        1,
        3,
        3,
        4,
        0,
        4,
        5,
        3,
        3,
        4,
        3,
        4,
        3,
        5,
        3,
        4,
        4,
        3,
        3,
        3,
        3,
        3,
        4,
        4,
        0,
        3,
        3,
        3,
        4,
        3,
        3,
        3,
        3,
        3,
        3,
        3,
        3,
        3,
        3,
        3,
        3,
        1,
        3,
        3,
        3,
        3,
        3,
        3,
        3,
        3,
        3,
        3,
        4,
        3,
        3,
        3,
        3
      ]
    },
    "8": {
      "n_evaluated": 45,
      "purity": 0.6666666666666666,
      "nmi": 0.36437735458067727,
      "ari": 0.1484341715697113,