{
  "model": "allenai/OLMo-1B-0724-hf",
  "revision": "step11000-tokens23B",
  "n_layer": 16,
  "n_head": 16,
  "n_examples": 2000,
  "ising_norm": 13.681114587879215,
  "eig_info": {
    "top_eigenvalues": [
      10.77107407528343,
      1.1980587450312292,
      1.085350116440789,
      1.063396179990947,
      1.0028668829939704,
      0.9777907288076605,
      0.9510148401890419,
      0.9355864951153483,
      0.9247249716404671,
      0.9167374864541825,
      0.8823767945405655,
      0.8679674043727793,
      0.8497836474843257,
      0.8408717038961983,
      0.8188178884372482
    ],
    "top_gaps": [
      9.5730153302522,
      0.11270862859044017,
      0.021953936449842004,
      0.06052929699697662,
      0.02507615418630993,
      0.02677588861861857,
      0.015428345073693617,
      0.01086152347488123,
      0.00798748518628456,
      0.034360691913617014,
      0.014409390167786196,
      0.01818375688845364,
      0.008911943588127413,
      0.02205381545895002,
      0.02385532229115228
    ],
    "argmax_gap_below_15": 1
  },
  "metrics_by_k": {
    "4": {
      "n_evaluated": 45,
      "purity": 0.5777777777777777,
      "nmi": 0.21311837023127453,
      "ari": 0.07922736945490261,
      "labels": [
        2,
        2,
        2,
        2,
        2,
        2,
        2,
        2,
        2,
        2,
        1,
        2,
        2,
        1,
        2,
        1,
        2,
        0,
        1,
        1,
        1,
        1,
        1,
        3,
        1,
        1,
        3,
        1,
        1,
        1,
        3,
        3,
        0,
        1,
        1,
        3,
        1,
        1,
        3,
        1,
        1,
        3,
        1,
        1,
        3,
        3,
        1,
        3,
        1,
        1,
        1,
        1,
        1,
        1,
        3,
        1,
        1,
        1,
        0,
        1,
        3,
        1,
        1,
        3,
        1,
        3,
        0,
        1,
        3,
        3,
        1,
        1,
        1,
        1,
        0,
        3,
        1,
        1,
        1,
        0,
        0,
        0,
        0,
        3,
        0,
        3,
        2,
        3,
        0,
        3,
        1,
        3,
        3,
        0,
        1,
        0,
        1,
        1,
        1,
        0,
        2,
        1,
        0,
        0,
        1,
        0,
        1,
        1,
        3,
        0,
        3,
        0,
        0,
        1,
        0,
        1,
        1,
        1,
        2,
        3,
        3,
        3,
        3,
        0,
        0,
        1,
        1,
        0,
        1,
        0,
        3,
        1,
        3,
        3,
        0,
        2,
        3,
        0,
        0,
        3,
        0,
        0,
        0,
        3,
        3,
        3,
        1,
        0,
        3,
        0,
        3,
        1,
        0,
        1,
        0,
        3,
        3,
        3,
        0,
        1,
        3,
        0,
        3,
        0,
        0,
        0,
        3,
        3,
        3,
        3,
        0,
        0,
        0,
        3,
        0,
        0,
        3,
        0,
        0,
        0,
        0,
        1,
        0,
        0,
        1,
        1,
        3,
        0,
        0,
        0,
        0,
        3,
        0,
        3,
        3,
        0,
        0,
        3,
        1,
        0,
        0,
        0,
        1,
        1,
        0,
        3,
        0,
        2,
        3,
        0,
        3,
        0,
        3,
        0,
        3,
        3,
        3,
        3,
        0,
        0,
        3,
        3,
        3,
        0,
        3,
        0,
        0,
        1,
        3,
        3,
        3,
        1,
        0,
        0,
        3,
        3,
        3,
        0,
        1,
        0,
        3,
        3,
        3,
        1,
        3,
        3,
        1,
        0,
        3,
        3,
        3,
        3,
        1,
        0,
        3,
        1
      ]
    },
    "6": {
      "n_evaluated": 45,
      "purity": 0.5777777777777777,
      "nmi": 0.25601054255148076,
      "ari": 0.060919621224029614,
      "labels": [
        2,
        2,
        2,
        0,
        2,
        2,
        2,
        2,
        2,
        2,
        1,
        2,
        2,
        0,
        2,
        1,
        4,
        0,
        4,
        1,
        3,
        4,
        0,
        4,
        4,
        3,
        3,
        1,
        3,
        1,
        4,
        4,
        0,
        1,
        3,
        3,
        3,
        1,
        1,
        0,
        3,
        3,
        3,
        3,
        4,
        1,
        3,
        1,
        1,
        1,
        4,
        3,
        0,
        1,
        2,
        4,
        3,
        4,
        0,
        0,
        4,
        0,
        1,
        0,
        0,
        4,
        3,
        4,
        4,
        1,
        0,
        0,
        0,
        0,
        4,
        4,
        0,
        1,
        0,
        0,
        5,
        0,
        4,
        1,
        0,
        4,
        0,
        5,
        4,
        1,
        0,
        3,
        1,
        4,
        0,
        5,
        1,
        1,
        0,
        3,
        2,
        0,
        3,
        5,
        0,
        3,
        1,
        3,
        4,
        5,
        1,
        0,
        3,
        3,
        0,
        3,
        0,
        0,
        3,
        4,
        3,
        5,
        5,
        0,
        3,
        3,
        0,
        5,
        4,
        5,
        5,
        0,
        1,
        1,
        0,
        2,
        1,
        3,
        5,
        5,
        5,
        3,
        5,
        3,
        4,
        5,
        3,
        5,
        3,
        5,
        3,
        1,
        3,
        1,
        3,
        3,
        5,
        4,
        0,
        3,
        5,
        5,
        5,
        3,
        5,
        5,
        1,
        5,
        5,
        1,
        4,
        5,
        0,
        5,
        4,
        3,
        5,
        5,
        0,
        3,
        0,
        1,
        0,
        0,
        3,
        3,
        1,
        0,
        5,
        5,
        3,
        4,
        5,
        4,
        1,
        0,
        5,
        5,
        3,
        5,
        5,
        5,
        1,
        3,
        5,
        5,
        5,
        2,
        4,
        5,
        5,
        5,
        4,
        5,
        1,
        1,
        4,
        5,
        5,
        5,
        1,
        3,
        4,
        5,
        1,
        5,
        5,
        5,
        1,
        1,
        5,
        1,
        5,
        5,
        4,
        5,
        3,
        5,
        1,
        5,
        3,
        1,
        1,
        1,
        1,
        5,
        1,
        5,
        4,
        3,
        5,
        1,
        1,
        5,
        5,
        1
      ]
    },
    "8": {
      "n_evaluated": 45,
      "purity": 0.6222222222222222,
      "nmi": 0.29859674683293397,
      "ari": 0.05761385396719674,