{
  "model": "EleutherAI/pythia-1b",
  "revision": "step80000",
  "n_layer": 16,
  "n_head": 8,
  "n_examples": 2000,
  "ising_norm": 7.140080047947821,
  "eig_info": {
    "top_eigenvalues": [
      5.460569331293289,
      1.0976893097798928,
      0.8822372637902949,
      0.7626396780987483,
      0.7417860982649469,
      0.6710362935607754,
      0.6503135395265585,
      0.6192093299458664,
      0.5922609773382695,
      0.5522765710947022,
      0.551341790090677,
      0.5391764170753507,
      0.5274409967363359,
      0.4968239836850039,
      0.48498442663478236
    ],
    "top_gaps": [
      4.362880021513396,
      0.21545204598959788,
      0.11959758569154655,
      0.020853579833801428,
      0.07074980470417147,
      0.020722754034216972,
      0.031104209580692044,
      0.02694835260759687,
      0.03998440624356736,
      0.0009347810040252202,
      0.012165373015326275,
      0.011735420339014757,
      0.03061701305133202,
      0.01183955705022155,
      0.020558913600038975
    ],
    "argmax_gap_below_15": 1
  },
  "metrics_by_k": {
    "4": {
      "n_evaluated": 45,
      "purity": 0.5777777777777777,
      "nmi": 0.264260819199964,
      "ari": 0.08163265306122448,
      "labels": [
        1,
        1,
        3,
        1,
        3,
        1,
        3,
        1,
        1,
        3,
        1,
        1,
        1,
        1,
        1,
        3,
        1,
        1,
        1,
        1,
        3,
        1,
        1,
        1,
        3,
        2,
        1,
        1,
        2,
        1,
        1,
        1,
        2,
        2,
        1,
        1,
        2,
        3,
        2,
        1,
        2,
        2,
        3,
        1,
        2,
        1,
        3,
        2,
        1,
        3,
        2,
        1,
        2,
        2,
        2,
        3,
        3,
        2,
        3,
        1,
        2,
        1,
        1,
        2,
        3,
        2,
        2,
        2,
        2,
        3,
        2,
        2,
        2,
        2,
        1,
        2,
        0,
        3,
        2,
        2,
        0,
        1,
        0,
        0,
        3,
        3,
        3,
        2,
        3,
        0,
        0,
        0,
        0,
        0,
        0,
        0,
        0,
        2,
        0,
        0,
        3,
        0,
        0,
        3,
        3,
        0,
        0,
        0,
        1,
        2,
        3,
        3,
        1,
        0,
        0,
        1,
        0,
        3,
        0,
        0,
        2,
        0,
        1,
        0,
        3,
        0,
        0,
        0
      ]
    },
    "6": {
      "n_evaluated": 45,
      "purity": 0.7111111111111111,
      "nmi": 0.39089715422311905,
      "ari": 0.21486185000858074,
      "labels": [
        5,
        3,
        5,
        2,
        5,
        3,
        5,
        3,
        2,
        5,
        3,
        2,
        5,
        2,
        2,
        5,
        2,
        2,
        2,
        2,
        5,
        2,
        3,
        2,
        5,
        1,
        2,
        5,
        1,
        2,
        2,
        2,
        3,
        1,
        2,
        2,
        1,
        5,
        4,
        4,
        4,
        1,
        4,
        2,
        1,
        2,
        1,
        1,
        5,
        5,
        1,
        2,
        4,
        4,
        1,
        1,
        5,
        1,
        5,
        2,
        4,
        2,
        2,
        1,
        5,
        1,
        4,
        4,
        4,
        0,
        1,
        1,
        4,
        4,
        5,
        4,
        0,
        4,
        4,
        4,
        4,
        3,
        4,
        0,
        0,
        0,
        0,
        1,
        4,
        4,
        0,
        3,
        4,
        0,
        0,
        0,
        0,
        0,
        4,
        0,
        4,
        3,
        0,
        4,
        3,
        0,
        0,
        0,
        3,
        3,
        5,
        3,
        3,
        3,
        3,
        3,
        3,
        5,
        4,
        3,
        3,
        3,
        3,
        3,
        5,
        3,
        3,
        3
      ]
    },
    "8": {
      "n_evaluated": 45,
      "purity": 0.7777777777777778,
      "nmi": 0.4956644174875282,
      "ari": 0.2593704949543489,
      "labels": [
        6,
        6,
        6,
        3,
        6,
        3,
        6,
        6,
        1,
        7,
        6,
        1,
        7,
        3,
        1,
        6,
        1,
        3,
        1,
        1,
        6,
        1,
        3,
        1,
        6,
        2,
        1,
        3,
        2,
        1,
        1,
        3,
        2,
        2,
        1,
        1,
        2,
        7,
        2,
        5,
        5,
        2,
        7,
        1,
        2,
        1,
        7,
        2,
        7,
        7,
        2,
        1,
        5,
        1,
        2,
        2,
        7,
        2,
        7,
        1,
        5,
        1,
        1,
        2,
        7,
        2,
        7,
        2,
        2,
        2,
        2,
        2,
        4,
        5,
        7,
        5,
        2,
        4,
        5,
        5,
        5,
        3,
        5,
        2,
        0,
        0,
        0,
        2,
        4,
        5,
        5,
        5,
        5,
        5,
        0,
        0,
        0,
        2,
        5,
        0,
        7,
        3,
        0,
        4,
        6,
        0,
        0,
        0,
        3,
        3,
        4,
        4,
        3,
        3,
        3,
        3,
        3,
        7,
        5,
        4,
        3,
        3,
        3,
        3,
        4,
        3,
        3,
        3
      ]
    },
    "10": {
      "n_evaluated": 45,
      "purity": 0.8,
      "nmi": 0.48028890397510465,
      "ari": 0.24311926605504589,
      "labels": [
        5,
        5,
        5,
        7,
        5,
        3,
        5,
        5,
        8,
        7,
        5,
        8,
        8,
        5,
        6,
        5,
        6,
        8,
        6,
        8,
        5,
        6,
        5,
        6,
        5,
        1,
        6,
        6,
        2,
        1,
        1,
        8,
        3,
        6,
        6,
        6,
        2,
        1,
        6,
        7,
        7,
        2,
        2,
        1,
        2,
        7,
        2,
        2,
        3,
        1,
        2,
        6,
        9,
        1,
        2,
        2,
        2,
        6,
        1,
        1,
        9,
        7,
        3,
        2,
        1,
        2,
        2,
        2,
        4,
        1,
        2,
        2,
        9,
        1,
        7,
        9,
        9,
        9,
        1,
        9,
        9,
        3,
        9,
        5,
        0,
        0,
        0,
        4,
        9,
        9,
        9,
        9,
        9,
        1,
        0,
        3,
        0,
        1,
        7,
        0,
        7,
        4,
        0,
        9,
        3,
        4,
        0,
        0,
        3,
        3,
        9,
        5,
        3,
        4,
        4,
        3,
        4,
        7,
        9,
        9,
        3,
        4,
        3,
        4,
        9,
        3,
        4,
        3
      ]
    },
    "12": {
      "n_evaluated": 45,
      "purity": 0.8222222222222222,
      "nmi": 0.48624932858873665,
      "ari": 0.2273431448489543,