{
  "model": "EleutherAI/pythia-1b",
  "revision": "step1000",
  "n_layer": 16,
  "n_head": 8,
  "n_examples": 2000,
  "ising_norm": 6.840840057485545,
  "eig_info": {
    "top_eigenvalues": [
      5.3075374701198825,
      0.944099530799914,
      0.781729549398251,
      0.7030004595735757,
      0.671617749900026,
      0.653894615768742,
      0.6104530186970402,
      0.5977381555009208,
      0.5664962360227273,
      0.5408573758467387,
      0.5210638335746725,
      0.5125201006244244,
      0.48728665136324517,
      0.47401409740875206,
      0.45734137668511776
    ],
    "top_gaps": [
      4.363437939319969,
      0.16236998140166303,
      0.0787290898246753,
      0.031382709673549725,
      0.017723134131284013,
      0.04344159707170181,
      0.012714863196119364,
      0.031241919478193547,
      0.025638860175988598,
      0.0197935422720662,
      0.008543732950248017,
      0.025233449261179264,
      0.013272553954493116,
      0.016672720723634293,
      0.019982733219786275
    ],
    "argmax_gap_below_15": 1
  },
  "metrics_by_k": {
    "4": {
      "n_evaluated": 45,
      "purity": 0.6444444444444445,
      "nmi": 0.32370289874865354,
      "ari": 0.21357349630106143,
      "labels": [
        0,
        0,
        0,
        0,
        0,
        0,
        0,
        0,
        3,
        2,
        2,
        2,
        2,
        2,
        2,
        3,
        2,
        2,
        2,
        2,
        3,
        2,
        2,
        0,
        3,
        3,
        2,
        2,
        2,
        2,
        2,
        2,
        1,
        1,
        2,
        2,
        1,
        1,
        2,
        2,
        2,
        3,
        1,
        3,
        3,
        2,
        1,
        1,
        2,
        3,
        3,
        2,
        1,
        3,
        1,
        1,
        3,
        1,
        3,
        3,
        3,
        0,
        3,
        3,
        3,
        3,
        2,
        1,
        3,
        1,
        0,
        3,
        3,
        3,
        3,
        3,
        3,
        3,
        3,
        3,
        3,
        3,
        3,
        3,
        0,
        0,
        3,
        3,
        3,
        0,
        0,
        3,
        3,
        0,
        0,
        3,
        0,
        0,
        3,
        0,
        3,
        3,
        3,
        3,
        2,
        3,
        0,
        3,
        3,
        0,
        3,
        3,
        3,
        3,
        3,
        3,
        3,
        3,
        1,
        0,
        2,
        3,
        3,
        3,
        3,
        3,
        1,
        3
      ]
    },
    "6": {
      "n_evaluated": 45,
      "purity": 0.7555555555555555,
      "nmi": 0.469878845190055,
      "ari": 0.2702702702702703,
      "labels": [
        0,
        0,
        0,
        0,
        0,
        0,
        0,
        0,
        3,
        4,
        4,
        3,
        3,
        3,
        3,
        2,
        2,
        3,
        4,
        3,
        2,
        4,
        4,
        4,
        4,
        4,
        4,
        4,
        4,
        3,
        3,
        3,
        1,
        1,
        3,
        3,
        1,
        1,
        4,
        4,
        3,
        3,
        1,
        4,
        5,
        3,
        1,
        1,
        3,
        4,
        4,
        4,
        1,
        2,
        1,
        1,
        5,
        1,
        2,
        3,
        4,
        5,
        3,
        5,
        3,
        3,
        3,
        2,
        5,
        1,
        2,
        3,
        2,
        2,
        3,
        5,
        2,
        2,
        4,
        2,
        5,
        2,
        5,
        3,
        5,
        5,
        3,
        2,
        3,
        2,
        5,
        3,
        2,
        5,
        5,
        2,
        5,
        2,
        3,
        5,
        2,
        2,
        2,
        5,
        2,
        2,
        5,
        3,
        5,
        2,
        2,
        5,
        5,
        4,
        2,
        5,
        5,
        5,
        2,
        5,
        3,
        5,
        5,
        2,
        2,
        5,
        2,
        5
      ]
    },
    "8": {
      "n_evaluated": 45,
      "purity": 0.6888888888888889,
      "nmi": 0.36072871164800346,
      "ari": 0.16760404949381327,
      "labels": [
        0,
        0,
        0,
        0,
        0,
        0,
        0,
        0,
        3,
        7,
        1,
        7,
        7,
        7,
        7,
        2,
        2,
        6,
        1,
        6,
        4,
        1,
        1,
        1,
        1,
        1,
        1,
        1,
        1,
        7,
        7,
        6,
        5,
        5,
        6,
        6,
        5,
        5,
        1,
        1,
        6,
        6,
        5,
        1,
        3,
        6,
        5,
        5,
        6,
        1,
        1,
        7,
        5,
        2,
        5,
        5,
        1,
        5,
        2,
        4,
        1,
        3,
        1,
        3,
        6,
        6,
        6,
        4,
        3,
        5,
        2,
        2,
        2,
        1,
        4,
        1,
        2,
        2,
        1,
        4,
        6,
        4,
        4,
        6,
        0,
        2,
        6,
        4,
        6,
        4,
        2,
        6,
        4,
        2,
        2,
        4,
        2,
        2,
        4,
        3,
        2,
        2,
        2,
        1,
        7,
        2,
        3,
        4,
        3,
        2,
        7,
        3,
        3,
        1,
        2,
        3,
        3,
        3,
        2,
        3,
        3,
        1,
        3,
        4,
        2,
        3,
        2,
        3
      ]
    },
    "10": {
      "n_evaluated": 45,
      "purity": 0.6888888888888889,
      "nmi": 0.3178664853084335,
      "ari": 0.09000449380496886,
      "labels": [
        8,
        0,
        0,
        0,
        0,
        8,
        8,
        8,
        3,
        9,
        7,
        6,
        9,
        6,
        6,
        9,
        4,
        5,
        7,
        5,
        0,
        7,
        7,
        7,
        7,
        9,
        7,
        7,
        7,
        6,
        6,
        6,
        1,
        1,
        9,
        9,
        1,
        1,
        7,
        7,
        9,
        5,
        1,
        9,
        5,
        6,
        1,
        1,
        7,
        9,
        7,
        9,
        1,
        9,
        1,
        1,
        5,
        1,
        9,
        3,
        3,
        3,
        9,
        3,
        9,
        2,
        9,
        2,
        3,
        1,
        4,
        9,
        9,
        9,
        9,
        7,
        9,
        4,
        7,
        2,
        5,
        2,
        9,
        2,
        0,
        5,
        6,
        9,
        7,
        2,
        4,
        4,
        2,
        5,
        5,
        2,
        5,
        4,
        2,
        5,
        4,
        4,
        4,
        7,
        3,
        4,
        5,
        2,
        7,
        4,
        4,
        3,
        5,
        3,
        9,
        5,
        3,
        5,
        4,
        3,
        3,
        7,
        3,
        2,
        9,
        5,
        4,
        3
      ]
    },
    "12": {
      "n_evaluated": 45,
      "purity": 0.7333333333333333,
      "nmi": 0.35599580169872075,
      "ari": 0.10332965535146361,