{
  "model": "EleutherAI/pythia-1b",
  "revision": "step3000",
  "n_layer": 16,
  "n_head": 8,
  "n_examples": 2000,
  "ising_norm": 5.880672781332562,
  "eig_info": {
    "top_eigenvalues": [
      4.55153338645942,
      0.7396014314274262,
      0.7243625048973188,
      0.6205843146502447,
      0.604661476990308,
      0.5826838193638733,
      0.5534222443554853,
      0.5173781999172248,
      0.5051953006753654,
      0.48634637105874307,
      0.47787880340867395,
      0.42897344709644725,
      0.4155276433363662,
      0.3984060276456621,
      0.39068550576623445
    ],
    "top_gaps": [
      3.811931955031994,
      0.015238926530107388,
      0.10377819024707413,
      0.01592283765993663,
      0.021977657626434777,
      0.029261575008387997,
      0.03604404443826048,
      0.012182899241859335,
      0.01884892961662238,
      0.008467567650069119,
      0.0489053563122267,
      0.013445803760081032,
      0.01712161569070414,
      0.007720521879427622,
      0.012969242861363195
    ],
    "argmax_gap_below_15": 1
  },
  "metrics_by_k": {
    "4": {
      "n_evaluated": 45,
      "purity": 0.6,
      "nmi": 0.2558696909472562,
      "ari": 0.18499353169469598,
      "labels": [
        1,
        2,
        3,
        3,
        3,
        3,
        3,
        3,
        1,
        3,
        2,
        3,
        1,
        3,
        3,
        3,
        1,
        1,
        3,
        1,
        3,
        2,
        1,
        3,
        3,
        3,
        1,
        1,
        1,
        1,
        1,
        1,
        3,
        3,
        1,
        3,
        3,
        3,
        1,
        2,
        3,
        3,
        3,
        1,
        3,
        1,
        3,
        3,
        2,
        2,
        3,
        1,
        3,
        3,
        3,
        3,
        3,
        3,
        3,
        3,
        2,
        3,
        1,
        0,
        2,
        3,
        3,
        3,
        3,
        3,
        0,
        3,
        3,
        3,
        1,
        3,
        0,
        3,
        2,
        0,
        0,
        0,
        2,
        2,
        0,
        0,
        0,
        0,
        2,
        0,
        0,
        0,
        0,
        0,
        0,
        0,
        0,
        0,
        2,
        0,
        0,
        0,
        0,
        3,
        2,
        2,
        0,
        0,
        3,
        0,
        0,
        3,
        2,
        2,
        3,
        2,
        2,
        2,
        0,
        2,
        2,
        3,
        3,
        0,
        3,
        2,
        0,
        2
      ]
    },
    "6": {
      "n_evaluated": 45,
      "purity": 0.7777777777777778,
      "nmi": 0.4749101947771209,
      "ari": 0.32322876277758195,
      "labels": [
        5,
        3,
        3,
        3,
        2,
        3,
        3,
        3,
        5,
        2,
        4,
        2,
        5,
        3,
        3,
        3,
        5,
        5,
        5,
        5,
        4,
        2,
        4,
        3,
        3,
        3,
        5,
        5,
        5,
        5,
        5,
        5,
        1,
        1,
        5,
        1,
        1,
        1,
        5,
        2,
        1,
        1,
        1,
        5,
        4,
        5,
        1,
        1,
        4,
        2,
        1,
        5,
        1,
        2,
        1,
        1,
        1,
        1,
        1,
        2,
        2,
        3,
        5,
        0,
        2,
        2,
        2,
        1,
        3,
        2,
        0,
        1,
        3,
        1,
        5,
        1,
        0,
        3,
        4,
        0,
        2,
        2,
        0,
        4,
        0,
        0,
        0,
        0,
        0,
        0,
        0,
        0,
        0,
        0,
        0,
        0,
        0,
        0,
        4,
        0,
        3,
        0,
        0,
        1,
        2,
        0,
        0,
        0,
        4,
        0,
        3,
        1,
        4,
        4,
        1,
        4,
        4,
        4,
        0,
        2,
        4,
        1,
        1,
        0,
        3,
        4,
        3,
        4
      ]
    },
    "8": {
      "n_evaluated": 45,
      "purity": 0.6888888888888889,
      "nmi": 0.3257114176788229,
      "ari": 0.12958859811964787,
      "labels": [
        1,
        6,
        6,
        1,
        1,
        6,
        6,
        6,
        1,
        1,
        3,
        2,
        1,
        6,
        6,
        6,
        4,
        1,
        4,
        1,
        6,
        1,
        4,
        6,
        6,
        6,
        4,
        4,
        4,
        1,
        4,
        1,
        7,
        2,
        2,
        4,
        2,
        2,
        4,
        1,
        4,
        2,
        4,
        4,
        2,
        6,
        2,
        6,
        4,
        2,
        0,
        4,
        7,
        4,
        7,
        2,
        2,
        2,
        2,
        2,
        0,
        4,
        1,
        0,
        2,
        2,
        1,
        4,
        0,
        2,
        0,
        0,
        7,
        2,
        1,
        4,
        5,
        0,
        4,
        5,
        0,
        0,
        2,
        2,
        0,
        7,
        0,
        5,
        0,
        3,
        0,
        5,
        5,
        7,
        7,
        7,
        7,
        5,
        5,
        7,
        5,
        5,
        5,
        0,
        3,
        5,
        7,
        7,
        6,
        5,
        5,
        4,
        3,
        3,
        4,
        3,
        3,
        3,
        0,
        0,
        3,
        4,
        4,
        0,
        6,
        3,
        0,
        3
      ]
    },
    "10": {
      "n_evaluated": 45,
      "purity": 0.7111111111111111,
      "nmi": 0.37275510318318666,
      "ari": 0.12816691505216096,
      "labels": [
        1,
        1,
        8,
        8,
        1,
        8,
        8,
        8,
        1,
        1,
        6,
        7,
        1,
        6,
        6,
        6,
        2,
        1,
        4,
        1,
        6,
        1,
        4,
        6,
        8,
        8,
        4,
        4,
        4,
        1,
        2,
        1,
        9,
        2,
        3,
        2,
        6,
        3,
        4,
        1,
        4,
        3,
        4,
        2,
        3,
        6,
        3,
        6,
        4,
        3,
        4,
        2,
        2,
        1,
        3,
        3,
        3,
        3,
        3,
        7,
        1,
        6,
        1,
        8,
        1,
        7,
        1,
        2,
        8,
        3,
        3,
        3,
        2,
        3,
        1,
        3,
        7,
        8,
        2,
        0,
        8,
        1,
        3,
        3,
        0,
        9,
        8,
        7,
        3,
        5,
        0,
        7,
        7,
        9,
        0,
        9,
        9,
        7,
        7,
        9,
        7,
        7,
        7,
        3,
        1,
        7,
        0,
        9,
        6,
        7,
        7,
        4,
        1,
        5,
        4,
        1,
        5,
        5,
        8,
        1,
        5,
        2,
        4,
        8,
        8,
        5,
        8,
        5
      ]
    },
    "12": {
      "n_evaluated": 45,
      "purity": 0.7333333333333333,
      "nmi": 0.4381632036105772,
      "ari": 0.16661363202443835,