{
  "model": "EleutherAI/pythia-1b",
  "revision": "step10000",
  "n_layer": 16,
  "n_head": 8,
  "n_examples": 2000,
  "ising_norm": 6.265802479532404,
  "eig_info": {
    "top_eigenvalues": [
      4.8350559568660225,
      0.7986314620553194,
      0.7534991560530376,
      0.7045662576382841,
      0.6220371566171803,
      0.5950355583460539,
      0.5937840008730352,
      0.5448689800775628,
      0.5374854907667969,
      0.48905863746937517,
      0.47844288481927966,
      0.46744864694351246,
      0.4544681561457628,
      0.43485824735550016,
      0.4290773518318977
    ],
    "top_gaps": [
      4.036424494810703,
      0.0451323060022818,
      0.04893289841475357,
      0.08252910102110378,
      0.02700159827112636,
      0.0012515574730187495,
      0.048915020795472386,
      0.007383489310765934,
      0.04842685329742169,
      0.010615752650095511,
      0.010994237875767199,
      0.012980490797749655,
      0.019609908790262642,
      0.005780895523602447,
      0.01576844061674476
    ],
    "argmax_gap_below_15": 1
  },
  "metrics_by_k": {
    "4": {
      "n_evaluated": 45,
      "purity": 0.7111111111111111,
      "nmi": 0.34282296718545474,
      "ari": 0.22239289044928412,
      "labels": [
        2,
        1,
        1,
        1,
        1,
        2,
        1,
        1,
        2,
        2,
        1,
        2,
        2,
        1,
        1,
        1,
        1,
        2,
        2,
        2,
        1,
        2,
        2,
        1,
        1,
        1,
        2,
        2,
        2,
        2,
        1,
        2,
        1,
        3,
        2,
        2,
        3,
        3,
        3,
        2,
        3,
        3,
        3,
        3,
        3,
        3,
        3,
        1,
        2,
        3,
        3,
        3,
        3,
        3,
        3,
        3,
        3,
        3,
        3,
        2,
        3,
        3,
        3,
        3,
        3,
        3,
        3,
        3,
        3,
        3,
        3,
        3,
        3,
        3,
        3,
        3,
        3,
        1,
        3,
        0,
        3,
        3,
        0,
        0,
        0,
        0,
        0,
        3,
        0,
        0,
        0,
        0,
        0,
        0,
        0,
        0,
        0,
        0,
        2,
        0,
        3,
        0,
        0,
        1,
        2,
        0,
        0,
        0,
        2,
        3,
        3,
        3,
        2,
        2,
        0,
        0,
        2,
        2,
        1,
        2,
        0,
        0,
        3,
        0,
        1,
        1,
        0,
        0
      ]
    },
    "6": {
      "n_evaluated": 45,
      "purity": 0.7333333333333333,
      "nmi": 0.3931546329895481,
      "ari": 0.18815774256967735,
      "labels": [
        1,
        2,
        2,
        1,
        2,
        1,
        2,
        2,
        1,
        1,
        2,
        1,
        1,
        2,
        2,
        2,
        2,
        1,
        1,
        1,
        2,
        1,
        2,
        2,
        2,
        2,
        1,
        1,
        1,
        1,
        2,
        1,
        5,
        3,
        1,
        1,
        5,
        5,
        5,
        1,
        5,
        5,
        5,
        3,
        5,
        3,
        5,
        5,
        1,
        3,
        5,
        3,
        5,
        3,
        5,
        5,
        3,
        5,
        3,
        4,
        1,
        3,
        3,
        3,
        3,
        5,
        3,
        5,
        3,
        3,
        3,
        3,
        3,
        3,
        4,
        3,
        3,
        0,
        3,
        4,
        3,
        3,
        0,
        0,
        0,
        0,
        0,
        0,
        0,
        4,
        4,
        0,
        4,
        4,
        0,
        4,
        4,
        5,
        4,
        4,
        3,
        0,
        0,
        2,
        1,
        4,
        4,
        4,
        4,
        0,
        3,
        3,
        1,
        1,
        4,
        4,
        4,
        4,
        0,
        1,
        4,
        4,
        4,
        4,
        0,
        2,
        0,
        4
      ]
    },
    "8": {
      "n_evaluated": 45,
      "purity": 0.7777777777777778,
      "nmi": 0.44347242865572434,
      "ari": 0.2127555091768461,
      "labels": [
        4,
        1,
        2,
        6,
        6,
        6,
        2,
        2,
        4,
        4,
        2,
        6,
        4,
        6,
        6,
        2,
        6,
        4,
        4,
        4,
        2,
        4,
        6,
        2,
        2,
        2,
        6,
        4,
        4,
        6,
        6,
        4,
        1,
        7,
        4,
        7,
        7,
        1,
        7,
        4,
        7,
        7,
        1,
        7,
        7,
        1,
        7,
        7,
        4,
        1,
        7,
        1,
        7,
        7,
        7,
        7,
        1,
        7,
        1,
        5,
        3,
        1,
        1,
        1,
        1,
        7,
        1,
        1,
        1,
        1,
        1,
        7,
        1,
        1,
        7,
        3,
        1,
        3,
        7,
        1,
        5,
        1,
        3,
        3,
        0,
        0,
        0,
        3,
        3,
        1,
        1,
        3,
        7,
        0,
        0,
        0,
        5,
        7,
        5,
        5,
        1,
        3,
        3,
        1,
        4,
        7,
        0,
        5,
        5,
        7,
        3,
        1,
        5,
        4,
        5,
        5,
        5,
        5,
        3,
        3,
        5,
        7,
        5,
        5,
        3,
        3,
        0,
        5
      ]
    },
    "10": {
      "n_evaluated": 45,
      "purity": 0.7333333333333333,
      "nmi": 0.370543901984322,
      "ari": 0.13040696186332223,
      "labels": [
        5,
        2,
        3,
        6,
        6,
        6,
        3,
        3,
        5,
        5,
        3,
        6,
        7,
        6,
        6,
        3,
        6,
        5,
        4,
        7,
        3,
        6,
        6,
        3,
        3,
        3,
        6,
        4,
        4,
        6,
        6,
        5,
        2,
        4,
        7,
        4,
        7,
        8,
        8,
        5,
        4,
        8,
        2,
        4,
        8,
        4,
        8,
        8,
        4,
        1,
        7,
        2,
        5,
        4,
        8,
        8,
        1,
        8,
        1,
        4,
        5,
        4,
        1,
        1,
        1,
        5,
        1,
        2,
        4,
        1,
        1,
        7,
        2,
        1,
        4,
        4,
        1,
        3,
        4,
        2,
        4,
        1,
        7,
        7,
        0,
        0,
        0,
        7,
        5,
        2,
        2,
        7,
        5,
        0,
        0,
        2,
        9,
        7,
        4,
        4,
        1,
        7,
        7,
        2,
        5,
        2,
        9,
        2,
        4,
        7,
        3,
        4,
        4,
        4,
        5,
        2,
        4,
        4,
        3,
        5,
        9,
        5,
        2,
        9,
        3,
        9,
        2,
        9
      ]
    },
    "12": {
      "n_evaluated": 45,
      "purity": 0.7111111111111111,
      "nmi": 0.36838575728632617,
      "ari": 0.13224718386049766,