{
  "model": "EleutherAI/pythia-1b",
  "revision": "step512",
  "n_layer": 16,
  "n_head": 8,
  "n_examples": 2000,
  "ising_norm": 7.36402800835343,
  "eig_info": {
    "top_eigenvalues": [
      5.725706537225607,
      0.9655840047691187,
      0.8397471892091731,
      0.737769296315849,
      0.691788204088487,
      0.672419202648281,
      0.6568322856125641,
      0.6089824385905928,
      0.5927700558872219,
      0.5823507906624278,
      0.5747020700345801,
      0.5570648981653101,
      0.5471730488033222,
      0.5225707215835066,
      0.4967829959970015
    ],
    "top_gaps": [
      4.760122532456489,
      0.12583681555994553,
      0.10197789289332415,
      0.04598109222736202,
      0.019369001440205924,
      0.015586917035716907,
      0.04784984702197137,
      0.016212382703370887,
      0.010419265224794083,
      0.007648720627847716,
      0.01763717186926994,
      0.009891849361987948,
      0.02460232721981559,
      0.025787725586505106,
      0.02206932205718959
    ],
    "argmax_gap_below_15": 1
  },
  "metrics_by_k": {
    "4": {
      "n_evaluated": 45,
      "purity": 0.8,
      "nmi": 0.48909827354148155,
      "ari": 0.4483778928458206,
      "labels": [
        2,
        2,
        2,
        2,
        2,
        2,
        2,
        2,
        1,
        1,
        1,
        1,
        0,
        1,
        1,
        2,
        1,
        1,
        1,
        0,
        1,
        1,
        2,
        2,
        0,
        1,
        1,
        1,
        1,
        1,
        1,
        1,
        0,
        0,
        0,
        0,
        0,
        0,
        0,
        0,
        1,
        0,
        0,
        0,
        0,
        0,
        0,
        0,
        2,
        1,
        1,
        1,
        3,
        0,
        0,
        0,
        0,
        0,
        0,
        2,
        1,
        1,
        0,
        0,
        1,
        0,
        0,
        0,
        0,
        0,
        0,
        0,
        1,
        0,
        0,
        0,
        0,
        0,
        0,
        3,
        0,
        0,
        0,
        0,
        0,
        3,
        0,
        0,
        0,
        3,
        0,
        0,
        0,
        1,
        0,
        0,
        3,
        0,
        1,
        0,
        1,
        0,
        0,
        0,
        1,
        0,
        3,
        0,
        1,
        0,
        0,
        0,
        1,
        1,
        0,
        1,
        1,
        1,
        0,
        1,
        1,
        0,
        1,
        0,
        0,
        1,
        1,
        1
      ]
    },
    "6": {
      "n_evaluated": 45,
      "purity": 0.8,
      "nmi": 0.5139528357505004,
      "ari": 0.37261677788369874,
      "labels": [
        2,
        2,
        2,
        2,
        2,
        2,
        2,
        2,
        4,
        1,
        1,
        4,
        1,
        1,
        4,
        2,
        5,
        4,
        1,
        0,
        0,
        1,
        2,
        2,
        5,
        4,
        4,
        4,
        4,
        4,
        4,
        4,
        5,
        5,
        0,
        0,
        5,
        5,
        5,
        5,
        0,
        5,
        0,
        5,
        5,
        0,
        1,
        0,
        0,
        1,
        1,
        1,
        0,
        5,
        0,
        0,
        0,
        5,
        1,
        0,
        1,
        1,
        0,
        1,
        1,
        0,
        0,
        0,
        5,
        0,
        1,
        0,
        1,
        1,
        0,
        5,
        5,
        0,
        5,
        3,
        0,
        5,
        1,
        0,
        0,
        3,
        0,
        0,
        1,
        3,
        0,
        0,
        0,
        1,
        1,
        0,
        3,
        0,
        1,
        1,
        1,
        1,
        1,
        5,
        5,
        0,
        3,
        1,
        4,
        0,
        0,
        5,
        4,
        1,
        0,
        4,
        1,
        0,
        5,
        1,
        4,
        0,
        4,
        5,
        5,
        4,
        1,
        1
      ]
    },
    "8": {
      "n_evaluated": 45,
      "purity": 0.8222222222222222,
      "nmi": 0.4914486143824492,
      "ari": 0.3084644937414797,
      "labels": [
        5,
        5,
        5,
        5,
        5,
        5,
        5,
        5,
        6,
        3,
        3,
        6,
        3,
        3,
        3,
        5,
        2,
        1,
        1,
        0,
        7,
        1,
        6,
        6,
        2,
        6,
        6,
        6,
        6,
        6,
        6,
        6,
        2,
        2,
        0,
        0,
        3,
        3,
        2,
        2,
        0,
        2,
        0,
        2,
        2,
        0,
        0,
        0,
        6,
        7,
        3,
        1,
        0,
        2,
        0,
        0,
        0,
        3,
        7,
        7,
        1,
        7,
        7,
        3,
        0,
        0,
        7,
        7,
        2,
        0,
        3,
        0,
        7,
        3,
        0,
        2,
        2,
        0,
        2,
        7,
        0,
        2,
        7,
        0,
        0,
        4,
        0,
        0,
        3,
        7,
        0,
        0,
        7,
        7,
        3,
        7,
        4,
        7,
        7,
        3,
        3,
        7,
        7,
        2,
        2,
        0,
        4,
        3,
        6,
        0,
        7,
        2,
        1,
        3,
        7,
        1,
        3,
        7,
        0,
        1,
        6,
        7,
        1,
        2,
        2,
        6,
        3,
        1
      ]
    },
    "10": {
      "n_evaluated": 45,
      "purity": 0.8444444444444444,
      "nmi": 0.5013066720644084,
      "ari": 0.3276327632763276,
      "labels": [
        5,
        5,
        5,
        6,
        5,
        5,
        5,
        5,
        1,
        1,
        1,
        1,
        1,
        1,
        1,
        5,
        1,
        1,
        1,
        0,
        3,
        1,
        1,
        1,
        9,
        8,
        1,
        1,
        1,
        1,
        1,
        1,
        1,
        8,
        2,
        2,
        8,
        8,
        8,
        2,
        0,
        2,
        8,
        8,
        8,
        2,
        0,
        0,
        2,
        8,
        6,
        0,
        6,
        8,
        6,
        2,
        0,
        1,
        8,
        3,
        0,
        0,
        0,
        6,
        0,
        2,
        3,
        3,
        8,
        2,
        8,
        2,
        0,
        0,
        2,
        9,
        9,
        6,
        9,
        3,
        0,
        9,
        6,
        0,
        0,
        4,
        0,
        6,
        6,
        3,
        0,
        6,
        3,
        6,
        6,
        3,
        4,
        2,
        3,
        6,
        6,
        6,
        6,
        9,
        1,
        6,
        4,
        6,
        0,
        2,
        3,
        9,
        7,
        6,
        6,
        1,
        8,
        3,
        9,
        0,
        7,
        0,
        0,
        9,
        0,
        7,
        8,
        0
      ]
    },
    "12": {
      "n_evaluated": 45,
      "purity": 0.8666666666666667,
      "nmi": 0.524418430074326,
      "ari": 0.2733630006357279,