{
  "model": "EleutherAI/pythia-1b",
  "revision": "step64",
  "n_layer": 16,
  "n_head": 8,
  "n_examples": 2000,
  "ising_norm": 12.161200911164777,
  "eig_info": {
    "top_eigenvalues": [
      9.65945458222804,
      1.3442530901471814,
      1.194361377470517,
      1.1507987532885335,
      1.109283596551455,
      1.0496541641975234,
      1.004641196912835,
      0.9915508045691243,
      0.976315051385017,
      0.9352065439129112,
      0.9110134087186478,
      0.8764444618591603,
      0.8480219573464223,
      0.82222445491794,
      0.8141525548937659
    ],
    "top_gaps": [
      8.31520149208086,
      0.14989171267666435,
      0.043562624181983534,
      0.04151515673707862,
      0.05962943235393148,
      0.0450129672846884,
      0.013090392343710788,
      0.015235753184107304,
      0.041108507472105704,
      0.02419313519426347,
      0.034568946859487526,
      0.02842250451273798,
      0.025797502428482222,
      0.008071900024174128,
      0.03878517064418818
    ],
    "argmax_gap_below_15": 1
  },
  "metrics_by_k": {
    "4": {
      "n_evaluated": 45,
      "purity": 0.4666666666666667,
      "nmi": 0.08000469837729866,
      "ari": -0.021475464559919884,
      "labels": [
        2,
        0,
        1,
        2,
        3,
        1,
        3,
        3,
        1,
        3,
        3,
        2,
        3,
        3,
        2,
        2,
        0,
        1,
        3,
        1,
        3,
        2,
        0,
        3,
        1,
        3,
        0,
        1,
        2,
        3,
        0,
        3,
        0,
        1,
        3,
        1,
        0,
        1,
        2,
        0,
        2,
        2,
        0,
        2,
        3,
        3,
        0,
        2,
        3,
        0,
        3,
        0,
        0,
        1,
        3,
        2,
        0,
        3,
        0,
        3,
        1,
        3,
        0,
        0,
        1,
        1,
        3,
        1,
        1,
        1,
        2,
        2,
        1,
        3,
        2,
        3,
        0,
        2,
        3,
        2,
        2,
        3,
        0,
        0,
        0,
        3,
        1,
        1,
        1,
        2,
        3,
        0,
        1,
        2,
        2,
        2,
        1,
        1,
        3,
        1,
        3,
        0,
        1,
        3,
        1,
        0,
        1,
        2,
        2,
        2,
        1,
        0,
        2,
        0,
        1,
        3,
        2,
        1,
        0,
        3,
        2,
        2,
        0,
        2,
        1,
        2,
        3,
        2
      ]
    },
    "6": {
      "n_evaluated": 45,
      "purity": 0.4666666666666667,
      "nmi": 0.08529497336813496,
      "ari": -0.033018015303970596,
      "labels": [
        1,
        0,
        5,
        2,
        3,
        5,
        3,
        2,
        5,
        5,
        2,
        1,
        0,
        3,
        2,
        2,
        0,
        4,
        1,
        5,
        0,
        1,
        0,
        4,
        4,
        5,
        0,
        4,
        1,
        2,
        1,
        2,
        0,
        5,
        3,
        1,
        0,
        5,
        4,
        5,
        1,
        1,
        2,
        2,
        2,
        4,
        2,
        1,
        2,
        5,
        2,
        5,
        2,
        5,
        5,
        1,
        0,
        5,
        0,
        3,
        5,
        2,
        0,
        0,
        5,
        5,
        1,
        4,
        4,
        4,
        1,
        1,
        4,
        5,
        1,
        3,
        0,
        2,
        3,
        1,
        1,
        3,
        1,
        0,
        0,
        1,
        5,
        5,
        4,
        1,
        4,
        0,
        4,
        1,
        4,
        2,
        1,
        5,
        4,
        5,
        3,
        0,
        4,
        4,
        5,
        0,
        5,
        2,
        4,
        2,
        5,
        0,
        1,
        5,
        4,
        1,
        2,
        5,
        0,
        5,
        1,
        1,
        2,
        2,
        4,
        1,
        5,
        1
      ]
    },
    "8": {
      "n_evaluated": 45,
      "purity": 0.5333333333333333,
      "nmi": 0.167237337847445,
      "ari": 0.0034071550255536627,
      "labels": [
        2,
        5,
        2,
        1,
        6,
        2,
        6,
        6,
        1,
        6,
        7,
        4,
        5,
        4,
        1,
        7,
        0,
        0,
        4,
        5,
        4,
        1,
        6,
        5,
        7,
        5,
        4,
        5,
        0,
        7,
        4,
        7,
        3,
        3,
        4,
        4,
        3,
        3,
        0,
        4,
        4,
        2,
        7,
        1,
        5,
        5,
        7,
        1,
        5,
        3,
        7,
        3,
        7,
        1,
        5,
        1,
        0,
        4,
        3,
        6,
        2,
        7,
        0,
        3,
        1,
        2,
        2,
        5,
        5,
        2,
        0,
        2,
        2,
        7,
        1,
        6,
        5,
        7,
        6,
        1,
        1,
        6,
        4,
        0,
        0,
        4,
        3,
        4,
        5,
        1,
        2,
        0,
        5,
        4,
        0,
        1,
        2,
        1,
        5,
        1,
        6,
        3,
        2,
        2,
        2,
        3,
        2,
        7,
        0,
        7,
        5,
        3,
        4,
        3,
        5,
        4,
        7,
        2,
        4,
        4,
        0,
        1,
        7,
        7,
        5,
        2,
        4,
        1
      ]
    },
    "10": {
      "n_evaluated": 45,
      "purity": 0.6,
      "nmi": 0.22627857130602672,
      "ari": 0.05554133606347581,
      "labels": [
        2,
        1,
        5,
        0,
        9,
        5,
        3,
        2,
        8,
        3,
        2,
        6,
        5,
        4,
        2,
        2,
        5,
        5,
        4,
        5,
        0,
        4,
        1,
        7,
        7,
        1,
        4,
        7,
        7,
        2,
        3,
        2,
        3,
        0,
        4,
        4,
        1,
        2,
        0,
        4,
        4,
        6,
        2,
        1,
        1,
        7,
        2,
        6,
        4,
        3,
        2,
        1,
        2,
        5,
        8,
        4,
        0,
        4,
        0,
        9,
        8,
        2,
        1,
        0,
        8,
        8,
        5,
        4,
        5,
        4,
        6,
        6,
        8,
        2,
        6,
        9,
        1,
        2,
        9,
        5,
        7,
        9,
        3,
        5,
        0,
        4,
        2,
        8,
        8,
        6,
        9,
        1,
        5,
        4,
        7,
        7,
        6,
        5,
        4,
        8,
        9,
        3,
        7,
        2,
        5,
        1,
        8,
        2,
        7,
        0,
        8,
        0,
        6,
        3,
        7,
        4,
        2,
        8,
        4,
        4,
        6,
        7,
        1,
        2,
        8,
        6,
        4,
        6
      ]
    },
    "12": {
      "n_evaluated": 45,
      "purity": 0.5333333333333333,
      "nmi": 0.1715153228940495,
      "ari": -0.022857872557783168,