{
  "model": "EleutherAI/pythia-1b",
  "revision": "step38000",
  "n_layer": 16,
  "n_head": 8,
  "n_examples": 2000,
  "ising_norm": 6.8271448025800705,
  "eig_info": {
    "top_eigenvalues": [
      5.240251528922601,
      1.0194402800926357,
      0.803441380866963,
      0.7234388508026676,
      0.6847251459242102,
      0.6628481111316755,
      0.6208302163058121,
      0.5650906152878491,
      0.5630947764718626,
      0.551913672249133,
      0.5329430306871962,
      0.5003642344180347,
      0.49643563834047705,
      0.4775197993240216,
      0.4715458649391706
    ],
    "top_gaps": [
      4.220811248829965,
      0.2159988992256726,
      0.08000253006429547,
      0.03871370487845738,
      0.021877034792534666,
      0.04201789482586338,
      0.05573960101796305,
      0.001995838815986528,
      0.011181104222729554,
      0.01897064156193684,
      0.03257879626916149,
      0.003928596077557633,
      0.018915839016455438,
      0.0059739343848509985,
      0.0217834956610804
    ],
    "argmax_gap_below_15": 1
  },
  "metrics_by_k": {
    "4": {
      "n_evaluated": 45,
      "purity": 0.6,
      "nmi": 0.252240348159146,
      "ari": 0.11565294291048443,
      "labels": [
        2,
        1,
        1,
        1,
        1,
        1,
        2,
        1,
        1,
        2,
        1,
        1,
        1,
        2,
        1,
        0,
        1,
        1,
        1,
        1,
        0,
        1,
        1,
        2,
        2,
        0,
        1,
        1,
        1,
        1,
        1,
        1,
        1,
        2,
        1,
        1,
        0,
        2,
        2,
        2,
        2,
        0,
        0,
        1,
        0,
        1,
        0,
        0,
        1,
        2,
        2,
        1,
        0,
        2,
        0,
        0,
        0,
        0,
        0,
        2,
        2,
        1,
        1,
        2,
        0,
        0,
        2,
        2,
        2,
        0,
        0,
        2,
        2,
        2,
        0,
        2,
        3,
        2,
        2,
        2,
        0,
        2,
        2,
        2,
        0,
        0,
        0,
        2,
        2,
        2,
        3,
        3,
        2,
        3,
        3,
        0,
        3,
        2,
        3,
        3,
        2,
        2,
        3,
        2,
        1,
        3,
        3,
        3,
        3,
        2,
        2,
        0,
        1,
        3,
        2,
        2,
        3,
        1,
        3,
        2,
        3,
        2,
        0,
        3,
        2,
        1,
        3,
        3
      ]
    },
    "6": {
      "n_evaluated": 45,
      "purity": 0.6666666666666666,
      "nmi": 0.27721311631449314,
      "ari": 0.14006461150960958,
      "labels": [
        5,
        5,
        2,
        2,
        2,
        5,
        2,
        4,
        5,
        5,
        4,
        5,
        5,
        5,
        5,
        2,
        5,
        5,
        5,
        5,
        2,
        5,
        5,
        5,
        2,
        2,
        5,
        4,
        5,
        5,
        5,
        5,
        2,
        2,
        5,
        4,
        4,
        3,
        2,
        3,
        2,
        2,
        2,
        5,
        3,
        5,
        2,
        2,
        4,
        3,
        3,
        5,
        4,
        3,
        3,
        4,
        4,
        4,
        3,
        5,
        5,
        5,
        5,
        3,
        3,
        3,
        3,
        3,
        0,
        3,
        3,
        3,
        3,
        3,
        4,
        3,
        0,
        2,
        3,
        2,
        4,
        1,
        1,
        3,
        0,
        0,
        0,
        3,
        3,
        1,
        1,
        5,
        1,
        0,
        0,
        0,
        1,
        1,
        1,
        1,
        3,
        3,
        0,
        3,
        4,
        1,
        1,
        1,
        1,
        1,
        1,
        4,
        4,
        1,
        1,
        4,
        1,
        1,
        1,
        1,
        3,
        1,
        4,
        1,
        3,
        4,
        1,
        1
      ]
    },
    "8": {
      "n_evaluated": 45,
      "purity": 0.6888888888888889,
      "nmi": 0.3588739914687026,
      "ari": 0.14442413162705667,
      "labels": [
        2,
        5,
        4,
        6,
        6,
        6,
        4,
        6,
        5,
        2,
        5,
        5,
        5,
        2,
        2,
        6,
        1,
        5,
        1,
        5,
        6,
        5,
        1,
        1,
        4,
        6,
        1,
        1,
        1,
        1,
        1,
        5,
        6,
        6,
        1,
        6,
        6,
        1,
        6,
        2,
        4,
        6,
        4,
        1,
        1,
        5,
        6,
        6,
        7,
        3,
        1,
        1,
        7,
        1,
        3,
        3,
        7,
        0,
        1,
        1,
        2,
        5,
        5,
        1,
        3,
        3,
        2,
        2,
        2,
        3,
        3,
        3,
        2,
        1,
        7,
        1,
        0,
        2,
        1,
        6,
        7,
        7,
        3,
        3,
        0,
        0,
        0,
        2,
        1,
        3,
        3,
        2,
        3,
        0,
        0,
        0,
        7,
        3,
        7,
        7,
        2,
        3,
        0,
        7,
        5,
        3,
        0,
        0,
        7,
        2,
        7,
        7,
        3,
        7,
        6,
        7,
        7,
        7,
        7,
        7,
        7,
        1,
        7,
        1,
        3,
        7,
        2,
        7
      ]
    },
    "10": {
      "n_evaluated": 45,
      "purity": 0.6888888888888889,
      "nmi": 0.3513756610925036,
      "ari": 0.15041782729805014,
      "labels": [
        6,
        5,
        1,
        2,
        8,
        5,
        1,
        5,
        5,
        7,
        5,
        5,
        5,
        7,
        6,
        1,
        9,
        5,
        5,
        5,
        1,
        6,
        9,
        1,
        1,
        1,
        6,
        4,
        5,
        5,
        5,
        5,
        2,
        2,
        1,
        9,
        8,
        1,
        2,
        6,
        1,
        8,
        1,
        9,
        1,
        6,
        1,
        8,
        4,
        8,
        7,
        5,
        3,
        9,
        8,
        8,
        8,
        8,
        8,
        9,
        7,
        6,
        6,
        7,
        8,
        8,
        7,
        7,
        7,
        8,
        8,
        8,
        7,
        8,
        4,
        3,
        7,
        2,
        7,
        2,
        1,
        4,
        3,
        8,
        0,
        0,
        0,
        7,
        7,
        7,
        3,
        7,
        3,
        0,
        0,
        8,
        3,
        3,
        4,
        3,
        7,
        7,
        2,
        7,
        3,
        2,
        2,
        2,
        4,
        7,
        7,
        4,
        3,
        3,
        3,
        4,
        3,
        4,
        2,
        3,
        7,
        3,
        4,
        3,
        7,
        4,
        2,
        3
      ]
    },
    "12": {
      "n_evaluated": 45,
      "purity": 0.7555555555555555,
      "nmi": 0.4289852222630491,
      "ari": 0.1492254189061018,