{
  "model": "EleutherAI/pythia-1b",
  "revision": "step5000",
  "n_layer": 16,
  "n_head": 8,
  "n_examples": 2000,
  "ising_norm": 5.999649130618274,
  "eig_info": {
    "top_eigenvalues": [
      4.63034395176944,
      0.7613379497810691,
      0.7476657061897994,
      0.6467384600480807,
      0.611112653198198,
      0.5912823041210091,
      0.5555712759709487,
      0.5227066746519647,
      0.5114329631710571,
      0.4854200915488084,
      0.46310678093985874,
      0.4420828744379569,
      0.4240057003842678,
      0.4160276327785748,
      0.41080279972570566
    ],
    "top_gaps": [
      3.869006001988371,
      0.013672243591269617,
      0.10092724614171877,
      0.0356258068498827,
      0.019830349077188836,
      0.03571102815006044,
      0.032864601318983944,
      0.011273711480907611,
      0.026012871622248745,
      0.022313310608949644,
      0.021023906501901835,
      0.018077174053689082,
      0.007978067605693029,
      0.005224833052869138,
      0.006759745418078222
    ],
    "argmax_gap_below_15": 1
  },
  "metrics_by_k": {
    "4": {
      "n_evaluated": 45,
      "purity": 0.6666666666666666,
      "nmi": 0.29447881502311374,
      "ari": 0.15224032586558045,
      "labels": [
        1,
        3,
        3,
        3,
        1,
        1,
        3,
        3,
        1,
        3,
        1,
        1,
        1,
        1,
        1,
        2,
        1,
        1,
        1,
        1,
        1,
        1,
        1,
        3,
        3,
        3,
        1,
        1,
        1,
        1,
        1,
        1,
        2,
        2,
        1,
        1,
        2,
        2,
        1,
        1,
        1,
        2,
        3,
        1,
        2,
        1,
        2,
        2,
        1,
        2,
        3,
        1,
        2,
        3,
        3,
        2,
        2,
        2,
        2,
        3,
        2,
        1,
        1,
        3,
        2,
        3,
        3,
        3,
        3,
        2,
        3,
        1,
        0,
        2,
        1,
        1,
        3,
        3,
        1,
        0,
        3,
        3,
        2,
        3,
        0,
        0,
        0,
        3,
        3,
        0,
        0,
        3,
        0,
        0,
        0,
        0,
        0,
        3,
        1,
        0,
        1,
        3,
        3,
        3,
        1,
        3,
        0,
        0,
        1,
        3,
        3,
        1,
        1,
        1,
        3,
        1,
        1,
        1,
        3,
        1,
        1,
        0,
        3,
        3,
        3,
        3,
        2,
        1
      ]
    },
    "6": {
      "n_evaluated": 45,
      "purity": 0.6888888888888889,
      "nmi": 0.3446986630278234,
      "ari": 0.17642209398186315,
      "labels": [
        3,
        4,
        4,
        1,
        3,
        4,
        5,
        4,
        3,
        3,
        4,
        3,
        3,
        3,
        4,
        4,
        3,
        3,
        4,
        3,
        4,
        3,
        4,
        4,
        4,
        1,
        4,
        4,
        3,
        3,
        3,
        3,
        2,
        2,
        3,
        3,
        2,
        4,
        3,
        3,
        3,
        2,
        1,
        3,
        2,
        3,
        2,
        2,
        4,
        1,
        1,
        3,
        2,
        1,
        2,
        2,
        2,
        2,
        4,
        4,
        3,
        3,
        3,
        1,
        1,
        1,
        1,
        1,
        1,
        1,
        1,
        3,
        1,
        1,
        4,
        4,
        1,
        1,
        3,
        1,
        1,
        4,
        2,
        5,
        0,
        0,
        0,
        1,
        1,
        0,
        0,
        1,
        3,
        0,
        0,
        0,
        0,
        4,
        4,
        0,
        4,
        1,
        1,
        5,
        3,
        1,
        0,
        0,
        3,
        1,
        1,
        5,
        5,
        5,
        1,
        3,
        5,
        5,
        5,
        5,
        5,
        0,
        5,
        5,
        1,
        5,
        2,
        5
      ]
    },
    "8": {
      "n_evaluated": 45,
      "purity": 0.6888888888888889,
      "nmi": 0.3201471802564061,
      "ari": 0.13161258903025508,
      "labels": [
        1,
        5,
        5,
        7,
        2,
        2,
        5,
        5,
        6,
        4,
        5,
        4,
        1,
        2,
        5,
        5,
        2,
        2,
        6,
        4,
        6,
        4,
        6,
        5,
        5,
        2,
        6,
        6,
        4,
        2,
        2,
        6,
        1,
        1,
        6,
        2,
        1,
        1,
        2,
        4,
        6,
        1,
        7,
        2,
        1,
        6,
        1,
        1,
        6,
        1,
        2,
        2,
        1,
        2,
        1,
        1,
        1,
        1,
        6,
        6,
        4,
        6,
        2,
        7,
        7,
        7,
        7,
        2,
        4,
        7,
        7,
        4,
        2,
        7,
        6,
        6,
        7,
        2,
        6,
        7,
        7,
        5,
        1,
        7,
        0,
        0,
        0,
        7,
        5,
        7,
        0,
        7,
        2,
        0,
        0,
        0,
        0,
        7,
        6,
        0,
        6,
        7,
        7,
        3,
        4,
        7,
        0,
        0,
        6,
        7,
        7,
        3,
        3,
        3,
        7,
        4,
        3,
        3,
        5,
        0,
        3,
        2,
        3,
        3,
        2,
        3,
        1,
        3
      ]
    },
    "10": {
      "n_evaluated": 45,
      "purity": 0.6444444444444445,
      "nmi": 0.3127485723551346,
      "ari": 0.0962034880060442,
      "labels": [
        9,
        3,
        2,
        7,
        7,
        2,
        2,
        5,
        5,
        7,
        5,
        7,
        5,
        7,
        8,
        5,
        7,
        2,
        8,
        5,
        8,
        5,
        8,
        5,
        2,
        2,
        8,
        8,
        7,
        2,
        7,
        4,
        9,
        9,
        5,
        2,
        9,
        1,
        2,
        6,
        4,
        9,
        6,
        2,
        1,
        4,
        9,
        9,
        8,
        1,
        7,
        7,
        9,
        2,
        9,
        9,
        9,
        9,
        1,
        4,
        1,
        4,
        2,
        6,
        1,
        6,
        1,
        2,
        3,
        1,
        6,
        6,
        2,
        1,
        8,
        4,
        6,
        2,
        4,
        4,
        6,
        5,
        9,
        3,
        0,
        0,
        0,
        2,
        2,
        4,
        3,
        6,
        7,
        0,
        0,
        0,
        0,
        6,
        8,
        9,
        5,
        6,
        6,
        3,
        3,
        6,
        0,
        0,
        8,
        6,
        6,
        4,
        3,
        4,
        6,
        3,
        3,
        8,
        2,
        4,
        4,
        4,
        3,
        4,
        2,
        3,
        9,
        4
      ]
    },
    "12": {
      "n_evaluated": 45,
      "purity": 0.7777777777777778,
      "nmi": 0.4224400329691855,
      "ari": 0.1556515571603585,