{
  "model": "EleutherAI/pythia-1b",
  "revision": "step143000",
  "n_layer": 16,
  "n_head": 8,
  "n_examples": 2000,
  "ising_norm": 7.626947501331773,
  "eig_info": {
    "top_eigenvalues": [
      5.821467206525446,
      1.1554978770799131,
      0.8617786086881918,
      0.8264629061767189,
      0.7719689730780172,
      0.7382631539794102,
      0.7020113642598068,
      0.6717013460726653,
      0.6574210405755441,
      0.6318147480575416,
      0.6253604493260958,
      0.6005018306969309,
      0.5685153063566988,
      0.5468154555985072,
      0.5389438299013001
    ],
    "top_gaps": [
      4.665969329445533,
      0.29371926839172136,
      0.03531570251147287,
      0.05449393309870176,
      0.033705819098606926,
      0.03625178971960341,
      0.03031001818714152,
      0.014280305497121226,
      0.025606292518002505,
      0.006454298731445762,
      0.02485861862916494,
      0.03198652434023208,
      0.021699850758191586,
      0.007871625697207119,
      0.033416984986908815
    ],
    "argmax_gap_below_15": 1
  },
  "metrics_by_k": {
    "4": {
      "n_evaluated": 45,
      "purity": 0.6222222222222222,
      "nmi": 0.29114666234233577,
      "ari": 0.15585757841971992,
      "labels": [
        0,
        0,
        0,
        1,
        0,
        1,
        0,
        0,
        1,
        1,
        0,
        1,
        1,
        1,
        1,
        0,
        1,
        1,
        1,
        1,
        0,
        1,
        0,
        1,
        0,
        0,
        1,
        1,
        1,
        1,
        0,
        1,
        0,
        0,
        0,
        0,
        0,
        1,
        0,
        1,
        1,
        0,
        3,
        0,
        0,
        1,
        3,
        0,
        1,
        0,
        3,
        1,
        3,
        3,
        3,
        3,
        0,
        0,
        0,
        1,
        3,
        1,
        1,
        3,
        0,
        3,
        3,
        3,
        3,
        3,
        3,
        3,
        3,
        0,
        1,
        3,
        3,
        3,
        3,
        3,
        3,
        0,
        3,
        3,
        3,
        2,
        0,
        3,
        3,
        3,
        2,
        3,
        3,
        2,
        2,
        2,
        2,
        2,
        2,
        2,
        3,
        2,
        2,
        1,
        3,
        2,
        2,
        2,
        1,
        3,
        3,
        0,
        0,
        2,
        2,
        1,
        2,
        1,
        2,
        3,
        1,
        1,
        1,
        1,
        0,
        1,
        2,
        1
      ]
    },
    "6": {
      "n_evaluated": 45,
      "purity": 0.6666666666666666,
      "nmi": 0.2887856062070765,
      "ari": 0.14833507049207306,
      "labels": [
        0,
        3,
        0,
        2,
        0,
        2,
        0,
        2,
        2,
        0,
        0,
        2,
        2,
        2,
        0,
        0,
        2,
        2,
        2,
        2,
        0,
        0,
        0,
        0,
        0,
        3,
        2,
        0,
        2,
        2,
        2,
        2,
        3,
        3,
        2,
        3,
        3,
        2,
        5,
        0,
        2,
        3,
        5,
        2,
        3,
        2,
        3,
        3,
        2,
        3,
        5,
        2,
        3,
        5,
        5,
        5,
        3,
        3,
        3,
        2,
        5,
        4,
        2,
        5,
        3,
        5,
        5,
        5,
        5,
        5,
        5,
        5,
        3,
        5,
        2,
        5,
        3,
        3,
        3,
        5,
        3,
        3,
        5,
        5,
        5,
        1,
        3,
        5,
        4,
        5,
        1,
        5,
        5,
        1,
        1,
        1,
        1,
        1,
        1,
        1,
        3,
        1,
        3,
        4,
        4,
        1,
        1,
        1,
        4,
        3,
        4,
        0,
        4,
        4,
        2,
        4,
        4,
        2,
        4,
        4,
        4,
        2,
        4,
        4,
        3,
        4,
        4,
        4
      ]
    },
    "8": {
      "n_evaluated": 45,
      "purity": 0.8,
      "nmi": 0.4952593659373752,
      "ari": 0.3223617641807035,
      "labels": [
        6,
        7,
        6,
        4,
        6,
        4,
        6,
        4,
        4,
        2,
        6,
        4,
        4,
        0,
        3,
        6,
        4,
        4,
        0,
        4,
        6,
        3,
        6,
        0,
        6,
        2,
        4,
        0,
        0,
        4,
        4,
        4,
        1,
        1,
        1,
        1,
        1,
        1,
        1,
        3,
        1,
        1,
        5,
        1,
        1,
        1,
        1,
        1,
        3,
        7,
        5,
        4,
        1,
        1,
        7,
        7,
        7,
        7,
        7,
        1,
        5,
        3,
        3,
        0,
        7,
        5,
        5,
        0,
        5,
        7,
        7,
        7,
        5,
        7,
        3,
        2,
        7,
        5,
        7,
        5,
        2,
        3,
        0,
        5,
        0,
        7,
        7,
        5,
        2,
        5,
        0,
        0,
        5,
        0,
        7,
        5,
        3,
        5,
        3,
        5,
        3,
        5,
        3,
        2,
        3,
        0,
        3,
        2,
        2,
        7,
        2,
        3,
        3,
        2,
        3,
        3,
        2,
        3,
        2,
        2,
        2,
        2,
        2,
        2,
        7,
        2,
        2,
        2
      ]
    },
    "10": {
      "n_evaluated": 45,
      "purity": 0.7777777777777778,
      "nmi": 0.3981752687398864,
      "ari": 0.22121085094915863,
      "labels": [
        0,
        3,
        0,
        0,
        0,
        1,
        0,
        1,
        1,
        6,
        0,
        1,
        1,
        3,
        0,
        0,
        1,
        1,
        7,
        1,
        0,
        0,
        0,
        1,
        0,
        5,
        1,
        0,
        7,
        1,
        1,
        1,
        8,
        8,
        1,
        8,
        8,
        4,
        8,
        4,
        7,
        8,
        5,
        1,
        8,
        3,
        2,
        8,
        4,
        3,
        7,
        1,
        8,
        7,
        3,
        3,
        2,
        3,
        3,
        7,
        5,
        4,
        7,
        7,
        3,
        3,
        7,
        2,
        5,
        3,
        3,
        7,
        5,
        3,
        4,
        2,
        2,
        2,
        3,
        5,
        2,
        4,
        5,
        5,
        0,
        9,
        3,
        7,
        2,
        5,
        5,
        7,
        5,
        9,
        9,
        9,
        4,
        5,
        4,
        9,
        4,
        5,
        4,
        6,
        6,
        9,
        9,
        9,
        6,
        3,
        6,
        4,
        4,
        6,
        4,
        4,
        6,
        4,
        6,
        6,
        4,
        7,
        6,
        6,
        3,
        6,
        6,
        6
      ]
    },
    "12": {
      "n_evaluated": 45,
      "purity": 0.7555555555555555,
      "nmi": 0.38158411453929875,
      "ari": 0.16874400767018216,