{
  "model": "EleutherAI/pythia-1b",
  "revision": "step20000",
  "n_layer": 16,
  "n_head": 8,
  "n_examples": 2000,
  "ising_norm": 6.62833011384743,
  "eig_info": {
    "top_eigenvalues": [
      5.146402053124749,
      0.9348437562538627,
      0.7296691173563573,
      0.7041264018439828,
      0.6188349991055595,
      0.6027357269329889,
      0.5881831982956066,
      0.5755579920783872,
      0.5622607627569259,
      0.5273416897719873,
      0.5104900546003648,
      0.49433929329928616,
      0.47071196179565966,
      0.4591500795856477,
      0.4391786899168812
    ],
    "top_gaps": [
      4.211558296870886,
      0.20517463889750542,
      0.025542715512374525,
      0.08529140273842328,
      0.016099272172570567,
      0.014552528637382323,
      0.012625206217219409,
      0.013297229321461268,
      0.03491907298493868,
      0.01685163517162247,
      0.01615076130107862,
      0.023627331503626503,
      0.011561882210011976,
      0.019971389668766493,
      0.008227083133578617
    ],
    "argmax_gap_below_15": 1
  },
  "metrics_by_k": {
    "4": {
      "n_evaluated": 45,
      "purity": 0.6444444444444445,
      "nmi": 0.29965071117807635,
      "ari": 0.17748344370860927,
      "labels": [
        1,
        1,
        1,
        1,
        3,
        1,
        1,
        1,
        1,
        3,
        1,
        1,
        1,
        1,
        3,
        2,
        3,
        1,
        1,
        1,
        1,
        1,
        1,
        2,
        1,
        2,
        1,
        1,
        1,
        1,
        1,
        1,
        2,
        2,
        1,
        3,
        2,
        3,
        2,
        1,
        2,
        2,
        2,
        3,
        2,
        3,
        2,
        2,
        3,
        3,
        3,
        3,
        3,
        3,
        2,
        2,
        2,
        2,
        3,
        3,
        3,
        3,
        3,
        3,
        3,
        2,
        3,
        3,
        3,
        2,
        3,
        3,
        3,
        3,
        3,
        3,
        3,
        3,
        3,
        3,
        3,
        0,
        0,
        2,
        0,
        0,
        0,
        3,
        3,
        0,
        0,
        0,
        3,
        0,
        0,
        0,
        0,
        0,
        0,
        0,
        3,
        0,
        0,
        3,
        3,
        0,
        0,
        0,
        3,
        0,
        3,
        3,
        0,
        0,
        3,
        0,
        3,
        1,
        3,
        3,
        3,
        0,
        3,
        0,
        3,
        3,
        3,
        3
      ]
    },
    "6": {
      "n_evaluated": 45,
      "purity": 0.6444444444444445,
      "nmi": 0.3108616553592787,
      "ari": 0.11182496961277999,
      "labels": [
        2,
        4,
        3,
        2,
        4,
        4,
        2,
        4,
        2,
        5,
        4,
        4,
        2,
        2,
        4,
        3,
        4,
        2,
        2,
        2,
        2,
        4,
        2,
        5,
        4,
        3,
        2,
        2,
        5,
        4,
        4,
        2,
        3,
        3,
        2,
        1,
        3,
        1,
        3,
        4,
        3,
        3,
        1,
        1,
        3,
        4,
        3,
        3,
        5,
        1,
        5,
        4,
        5,
        1,
        3,
        3,
        1,
        3,
        1,
        1,
        1,
        5,
        4,
        5,
        1,
        1,
        1,
        5,
        5,
        1,
        1,
        5,
        5,
        1,
        5,
        5,
        1,
        1,
        1,
        5,
        1,
        0,
        0,
        3,
        0,
        0,
        0,
        1,
        1,
        5,
        0,
        0,
        5,
        0,
        0,
        0,
        0,
        0,
        0,
        0,
        5,
        0,
        5,
        5,
        5,
        0,
        0,
        0,
        5,
        5,
        1,
        5,
        5,
        5,
        5,
        5,
        5,
        2,
        1,
        5,
        5,
        5,
        5,
        5,
        1,
        4,
        5,
        5
      ]
    },
    "8": {
      "n_evaluated": 45,
      "purity": 0.6444444444444445,
      "nmi": 0.33229742347365654,
      "ari": 0.07967277254134804,
      "labels": [
        6,
        2,
        4,
        6,
        6,
        6,
        2,
        2,
        7,
        5,
        6,
        6,
        7,
        6,
        6,
        4,
        6,
        1,
        7,
        7,
        2,
        6,
        2,
        5,
        2,
        4,
        6,
        2,
        5,
        6,
        6,
        7,
        4,
        1,
        1,
        6,
        1,
        3,
        1,
        5,
        4,
        4,
        2,
        1,
        4,
        6,
        4,
        4,
        5,
        3,
        5,
        6,
        1,
        6,
        4,
        1,
        3,
        4,
        3,
        6,
        3,
        5,
        6,
        5,
        3,
        5,
        3,
        2,
        5,
        4,
        3,
        1,
        5,
        3,
        5,
        2,
        2,
        2,
        2,
        2,
        2,
        1,
        1,
        4,
        0,
        0,
        0,
        2,
        3,
        5,
        0,
        2,
        2,
        0,
        0,
        0,
        0,
        1,
        1,
        1,
        5,
        1,
        1,
        2,
        5,
        0,
        0,
        1,
        5,
        2,
        2,
        2,
        5,
        5,
        5,
        5,
        5,
        2,
        2,
        5,
        5,
        5,
        5,
        1,
        2,
        6,
        1,
        5
      ]
    },
    "10": {
      "n_evaluated": 45,
      "purity": 0.7555555555555555,
      "nmi": 0.4802408240533441,
      "ari": 0.1893113213231307,
      "labels": [
        6,
        6,
        4,
        6,
        6,
        6,
        6,
        6,
        6,
        1,
        6,
        6,
        6,
        6,
        9,
        4,
        9,
        6,
        3,
        6,
        6,
        6,
        6,
        1,
        6,
        4,
        3,
        3,
        1,
        9,
        9,
        6,
        8,
        8,
        7,
        2,
        8,
        2,
        8,
        1,
        5,
        4,
        3,
        2,
        8,
        5,
        4,
        8,
        1,
        2,
        1,
        9,
        7,
        2,
        8,
        2,
        2,
        2,
        2,
        2,
        7,
        1,
        5,
        5,
        2,
        3,
        2,
        5,
        5,
        3,
        2,
        1,
        3,
        2,
        1,
        5,
        7,
        3,
        3,
        5,
        2,
        7,
        7,
        7,
        0,
        0,
        0,
        3,
        3,
        7,
        0,
        3,
        5,
        0,
        0,
        0,
        7,
        7,
        7,
        7,
        1,
        3,
        7,
        5,
        1,
        7,
        7,
        7,
        1,
        5,
        3,
        5,
        5,
        1,
        1,
        5,
        1,
        6,
        6,
        1,
        7,
        3,
        5,
        1,
        3,
        1,
        1,
        1
      ]
    },
    "12": {
      "n_evaluated": 45,
      "purity": 0.6666666666666666,
      "nmi": 0.33471346199260416,
      "ari": 0.07256571640133284,