{
  "model": "EleutherAI/pythia-1b",
  "revision": "step256",
  "n_layer": 16,
  "n_head": 8,
  "n_examples": 2000,
  "ising_norm": 9.747505927446806,
  "eig_info": {
    "top_eigenvalues": [
      7.58000784929888,
      1.1636932999499272,
      1.0701815362767326,
      1.0589365405577966,
      0.9350310150786161,
      0.9223716114883903,
      0.872588500170415,
      0.8305758134795962,
      0.8024597913801153,
      0.7656829989933102,
      0.7530206073528524,
      0.744130421623088,
      0.676026765947814,
      0.6548401990685435,
      0.636804316180495
    ],
    "top_gaps": [
      6.416314549348953,
      0.09351176367319458,
      0.011244995718936002,
      0.12390552547918054,
      0.01265940359022577,
      0.049783111317975304,
      0.04201268669081881,
      0.028116022099480942,
      0.03677679238680509,
      0.012662391640457793,
      0.00889018572976441,
      0.06810365567527399,
      0.021186566879270452,
      0.01803588288804847,
      0.009716582979754751
    ],
    "argmax_gap_below_15": 1
  },
  "metrics_by_k": {
    "4": {
      "n_evaluated": 45,
      "purity": 0.5111111111111111,
      "nmi": 0.18560201226985507,
      "ari": 0.07932166301969365,
      "labels": [
        0,
        0,
        0,
        0,
        0,
        0,
        1,
        0,
        2,
        0,
        2,
        1,
        1,
        1,
        1,
        0,
        2,
        2,
        2,
        2,
        2,
        0,
        2,
        3,
        2,
        2,
        3,
        2,
        2,
        1,
        1,
        1,
        2,
        2,
        3,
        2,
        1,
        1,
        2,
        1,
        3,
        1,
        0,
        0,
        0,
        3,
        2,
        3,
        0,
        3,
        3,
        3,
        2,
        2,
        3,
        3,
        0,
        2,
        3,
        3,
        3,
        3,
        0,
        3,
        2,
        2,
        0,
        3,
        0,
        2,
        0,
        3,
        3,
        0,
        0,
        2,
        2,
        3,
        2,
        2,
        3,
        2,
        3,
        0,
        0,
        2,
        3,
        3,
        3,
        2,
        0,
        0,
        0,
        2,
        0,
        0,
        2,
        2,
        2,
        2,
        3,
        2,
        2,
        2,
        1,
        0,
        2,
        0,
        0,
        1,
        3,
        2,
        1,
        1,
        1,
        1,
        1,
        0,
        0,
        1,
        0,
        2,
        2,
        2,
        2,
        0,
        1,
        2
      ]
    },
    "6": {
      "n_evaluated": 45,
      "purity": 0.6444444444444445,
      "nmi": 0.25096169556906683,
      "ari": 0.1368507831821929,
      "labels": [
        5,
        5,
        5,
        5,
        5,
        5,
        5,
        5,
        5,
        5,
        1,
        1,
        5,
        1,
        5,
        5,
        1,
        1,
        1,
        1,
        1,
        5,
        1,
        1,
        3,
        1,
        0,
        1,
        1,
        1,
        1,
        1,
        1,
        1,
        5,
        1,
        1,
        1,
        1,
        1,
        0,
        5,
        0,
        5,
        5,
        0,
        3,
        0,
        0,
        0,
        0,
        0,
        3,
        3,
        0,
        0,
        5,
        3,
        0,
        0,
        0,
        5,
        5,
        0,
        5,
        3,
        5,
        0,
        5,
        3,
        0,
        0,
        1,
        5,
        4,
        3,
        3,
        5,
        3,
        3,
        0,
        3,
        0,
        5,
        0,
        3,
        0,
        0,
        2,
        5,
        5,
        5,
        5,
        3,
        3,
        5,
        3,
        1,
        3,
        3,
        0,
        3,
        3,
        3,
        1,
        0,
        3,
        3,
        4,
        5,
        0,
        3,
        4,
        4,
        1,
        4,
        2,
        4,
        5,
        2,
        4,
        3,
        4,
        3,
        3,
        4,
        2,
        4
      ]
    },
    "8": {
      "n_evaluated": 45,
      "purity": 0.7111111111111111,
      "nmi": 0.3943771427967802,
      "ari": 0.21651071893876583,
      "labels": [
        5,
        5,
        5,
        5,
        5,
        5,
        5,
        5,
        3,
        3,
        1,
        1,
        3,
        1,
        3,
        5,
        1,
        1,
        1,
        3,
        3,
        3,
        1,
        3,
        7,
        1,
        3,
        1,
        1,
        1,
        1,
        1,
        1,
        1,
        5,
        1,
        1,
        1,
        1,
        1,
        2,
        5,
        2,
        7,
        2,
        2,
        7,
        2,
        0,
        2,
        2,
        2,
        7,
        7,
        2,
        3,
        5,
        7,
        2,
        2,
        2,
        5,
        7,
        2,
        7,
        2,
        5,
        2,
        0,
        7,
        2,
        2,
        1,
        3,
        0,
        7,
        2,
        2,
        7,
        7,
        2,
        2,
        2,
        5,
        0,
        7,
        2,
        2,
        4,
        3,
        7,
        5,
        0,
        3,
        3,
        7,
        7,
        3,
        3,
        7,
        3,
        7,
        3,
        7,
        6,
        2,
        3,
        7,
        0,
        3,
        3,
        7,
        6,
        6,
        1,
        6,
        4,
        0,
        3,
        4,
        0,
        7,
        0,
        7,
        7,
        0,
        4,
        0
      ]
    },
    "10": {
      "n_evaluated": 45,
      "purity": 0.5777777777777777,
      "nmi": 0.24277541502949768,
      "ari": 0.07044776119402985,
      "labels": [
        8,
        8,
        8,
        8,
        8,
        8,
        8,
        3,
        5,
        5,
        5,
        5,
        5,
        5,
        5,
        8,
        2,
        7,
        3,
        3,
        3,
        3,
        7,
        2,
        3,
        7,
        5,
        7,
        7,
        7,
        7,
        0,
        7,
        7,
        1,
        7,
        7,
        2,
        7,
        7,
        0,
        1,
        0,
        0,
        0,
        8,
        3,
        8,
        5,
        0,
        0,
        0,
        3,
        1,
        0,
        8,
        1,
        3,
        0,
        0,
        8,
        8,
        8,
        0,
        1,
        1,
        1,
        8,
        8,
        0,
        0,
        0,
        7,
        8,
        0,
        1,
        2,
        8,
        1,
        1,
        2,
        0,
        8,
        8,
        0,
        2,
        8,
        2,
        4,
        3,
        8,
        1,
        8,
        2,
        3,
        1,
        3,
        2,
        2,
        2,
        2,
        3,
        2,
        3,
        6,
        0,
        2,
        1,
        0,
        1,
        0,
        3,
        6,
        6,
        5,
        6,
        4,
        0,
        2,
        4,
        9,
        2,
        9,
        2,
        1,
        9,
        4,
        9
      ]
    },
    "12": {
      "n_evaluated": 45,
      "purity": 0.7555555555555555,
      "nmi": 0.37521053112360536,
      "ari": 0.15052160953800298,