{
  "model": "EleutherAI/pythia-1b",
  "revision": "step4",
  "n_layer": 16,
  "n_head": 8,
  "n_examples": 2000,
  "ising_norm": 10.898269758160978,
  "eig_info": {
    "top_eigenvalues": [
      8.74593863749502,
      1.126473773372373,
      1.0251163750191135,
      0.9859191561549412,
      0.9437192227199476,
      0.9187732316622413,
      0.8807999062705816,
      0.865023887444505,
      0.8416753447466241,
      0.8093240535301844,
      0.7888125227949018,
      0.764626371016301,
      0.744665692026264,
      0.7233101278404495,
      0.691916576970645
    ],
    "top_gaps": [
      7.619464864122646,
      0.10135739835325963,
      0.03919721886417227,
      0.04219993343499362,
      0.02494599105770623,
      0.03797332539165976,
      0.0157760188260766,
      0.023348542697880892,
      0.03235129121643965,
      0.020511530735282668,
      0.02418615177860073,
      0.019960678990037062,
      0.021355564185814524,
      0.03139355086980444,
      0.027543752676739586
    ],
    "argmax_gap_below_15": 1
  },
  "metrics_by_k": {
    "4": {
      "n_evaluated": 45,
      "purity": 0.4444444444444444,
      "nmi": 0.05912308001061921,
      "ari": -0.02760226139008979,
      "labels": [
        0,
        2,
        2,
        3,
        3,
        0,
        0,
        0,
        0,
        1,
        1,
        2,
        3,
        0,
        0,
        2,
        0,
        2,
        0,
        2,
        0,
        1,
        1,
        2,
        0,
        0,
        0,
        1,
        1,
        0,
        2,
        2,
        1,
        1,
        2,
        0,
        1,
        1,
        3,
        3,
        2,
        1,
        2,
        3,
        2,
        2,
        0,
        2,
        1,
        3,
        1,
        1,
        0,
        0,
        0,
        3,
        0,
        0,
        1,
        1,
        1,
        0,
        2,
        1,
        3,
        0,
        1,
        0,
        3,
        1,
        0,
        0,
        0,
        0,
        1,
        3,
        1,
        1,
        2,
        0,
        2,
        2,
        3,
        0,
        2,
        0,
        2,
        0,
        0,
        1,
        0,
        0,
        2,
        1,
        3,
        1,
        2,
        2,
        3,
        0,
        3,
        3,
        0,
        0,
        2,
        2,
        2,
        2,
        1,
        3,
        0,
        1,
        0,
        2,
        2,
        2,
        0,
        2,
        0,
        2,
        2,
        3,
        1,
        3,
        1,
        1,
        3,
        1
      ]
    },
    "6": {
      "n_evaluated": 45,
      "purity": 0.4888888888888889,
      "nmi": 0.09034482624350178,
      "ari": -0.030574591460200317,
      "labels": [
        3,
        0,
        0,
        1,
        0,
        3,
        0,
        2,
        0,
        5,
        4,
        0,
        1,
        3,
        2,
        0,
        3,
        4,
        2,
        0,
        3,
        5,
        5,
        0,
        3,
        2,
        3,
        5,
        5,
        2,
        0,
        2,
        5,
        4,
        0,
        3,
        2,
        4,
        1,
        1,
        4,
        4,
        5,
        1,
        0,
        0,
        3,
        0,
        5,
        5,
        4,
        4,
        2,
        3,
        2,
        1,
        2,
        3,
        5,
        3,
        5,
        0,
        4,
        5,
        1,
        2,
        5,
        3,
        4,
        5,
        2,
        3,
        3,
        2,
        5,
        1,
        4,
        5,
        5,
        2,
        4,
        0,
        0,
        3,
        0,
        2,
        4,
        2,
        2,
        5,
        3,
        3,
        4,
        2,
        1,
        5,
        0,
        0,
        1,
        2,
        1,
        1,
        3,
        4,
        0,
        0,
        0,
        4,
        3,
        1,
        0,
        3,
        3,
        0,
        5,
        4,
        3,
        4,
        2,
        5,
        2,
        1,
        5,
        1,
        4,
        4,
        1,
        5
      ]
    },
    "8": {
      "n_evaluated": 45,
      "purity": 0.5555555555555556,
      "nmi": 0.20303586799672918,
      "ari": 0.011206950827929232,
      "labels": [
        4,
        0,
        0,
        1,
        1,
        4,
        4,
        3,
        5,
        2,
        5,
        5,
        1,
        3,
        4,
        0,
        6,
        7,
        5,
        0,
        0,
        6,
        2,
        0,
        4,
        4,
        1,
        6,
        6,
        5,
        5,
        3,
        6,
        2,
        0,
        4,
        7,
        2,
        1,
        1,
        2,
        7,
        7,
        1,
        0,
        3,
        1,
        3,
        2,
        1,
        2,
        7,
        4,
        6,
        4,
        1,
        4,
        0,
        3,
        2,
        6,
        4,
        7,
        6,
        1,
        4,
        6,
        3,
        7,
        6,
        3,
        4,
        6,
        4,
        6,
        7,
        6,
        6,
        3,
        4,
        5,
        3,
        0,
        3,
        0,
        5,
        5,
        3,
        3,
        1,
        4,
        4,
        5,
        7,
        1,
        6,
        0,
        0,
        1,
        6,
        1,
        1,
        4,
        7,
        0,
        0,
        5,
        5,
        6,
        1,
        4,
        6,
        6,
        0,
        3,
        5,
        3,
        5,
        4,
        3,
        3,
        3,
        3,
        1,
        2,
        7,
        1,
        6
      ]
    },
    "10": {
      "n_evaluated": 45,
      "purity": 0.5555555555555556,
      "nmi": 0.17571003782580916,
      "ari": 0.020352956331315213,
      "labels": [
        3,
        0,
        4,
        1,
        4,
        0,
        7,
        5,
        4,
        6,
        8,
        8,
        1,
        5,
        4,
        4,
        2,
        7,
        3,
        0,
        4,
        6,
        6,
        2,
        0,
        7,
        3,
        2,
        2,
        4,
        4,
        8,
        9,
        7,
        2,
        3,
        9,
        8,
        1,
        1,
        8,
        8,
        9,
        1,
        4,
        5,
        1,
        3,
        4,
        2,
        8,
        7,
        4,
        2,
        3,
        1,
        3,
        3,
        9,
        6,
        3,
        7,
        7,
        3,
        1,
        7,
        9,
        4,
        9,
        2,
        3,
        5,
        2,
        3,
        2,
        9,
        8,
        9,
        2,
        7,
        8,
        5,
        5,
        5,
        0,
        3,
        8,
        3,
        3,
        9,
        2,
        7,
        4,
        2,
        3,
        2,
        4,
        2,
        1,
        2,
        1,
        1,
        7,
        8,
        4,
        5,
        2,
        8,
        2,
        1,
        0,
        3,
        3,
        2,
        3,
        8,
        3,
        8,
        7,
        5,
        8,
        3,
        5,
        0,
        4,
        7,
        3,
        2
      ]
    },
    "12": {
      "n_evaluated": 45,
      "purity": 0.5333333333333333,
      "nmi": 0.16330377253816064,
      "ari": -0.02028639618138425,