{
  "model": "EleutherAI/pythia-1b",
  "revision": "step16",
  "n_layer": 16,
  "n_head": 8,
  "n_examples": 2000,
  "ising_norm": 16.356917088360223,
  "eig_info": {
    "top_eigenvalues": [
      13.074388355802856,
      1.9458814284571964,
      1.711589081821633,
      1.5501677363442234,
      1.5007613747745978,
      1.4620772944261389,
      1.4038352530059797,
      1.3269583648026788,
      1.2680456451085091,
      1.2034664591650113,
      1.173070710067096,
      1.1551499249617205,
      1.1339284576169322,
      1.084447051530111,
      1.074951024451964
    ],
    "top_gaps": [
      11.12850692734566,
      0.2342923466355633,
      0.1614213454774096,
      0.049406361569625634,
      0.03868408034845894,
      0.05824204142015921,
      0.07687688820330085,
      0.05891271969416967,
      0.06457918594349787,
      0.030395749097915203,
      0.017920785105375536,
      0.02122146734478836,
      0.04948140608682117,
      0.009496027078147007,
      0.044812189702323924
    ],
    "argmax_gap_below_15": 1
  },
  "metrics_by_k": {
    "4": {
      "n_evaluated": 45,
      "purity": 0.4222222222222222,
      "nmi": 0.0652763462501632,
      "ari": -0.00883489784649365,
      "labels": [
        2,
        3,
        0,
        1,
        1,
        1,
        2,
        1,
        0,
        2,
        0,
        0,
        0,
        1,
        1,
        3,
        2,
        0,
        0,
        0,
        0,
        2,
        2,
        3,
        2,
        1,
        1,
        3,
        1,
        1,
        0,
        2,
        1,
        2,
        0,
        2,
        2,
        1,
        2,
        0,
        3,
        1,
        3,
        1,
        0,
        2,
        2,
        0,
        0,
        1,
        2,
        1,
        3,
        1,
        1,
        3,
        0,
        2,
        0,
        2,
        0,
        3,
        1,
        3,
        3,
        2,
        0,
        3,
        0,
        0,
        0,
        1,
        0,
        1,
        3,
        0,
        3,
        2,
        2,
        0,
        2,
        1,
        3,
        1,
        0,
        3,
        1,
        0,
        1,
        3,
        1,
        0,
        3,
        0,
        2,
        0,
        2,
        0,
        0,
        0,
        1,
        1,
        0,
        0,
        0,
        1,
        1,
        2,
        0,
        1,
        1,
        0,
        2,
        3,
        2,
        0,
        1,
        1,
        3,
        1,
        0,
        2,
        1,
        1,
        3,
        1,
        0,
        1
      ]
    },
    "6": {
      "n_evaluated": 45,
      "purity": 0.4444444444444444,
      "nmi": 0.07831134591263236,
      "ari": -0.040276453765490945,
      "labels": [
        1,
        4,
        0,
        4,
        3,
        0,
        3,
        3,
        5,
        3,
        5,
        3,
        0,
        5,
        2,
        2,
        3,
        0,
        5,
        0,
        1,
        3,
        3,
        2,
        1,
        3,
        1,
        1,
        3,
        4,
        0,
        3,
        4,
        1,
        2,
        0,
        3,
        5,
        1,
        0,
        2,
        4,
        2,
        4,
        5,
        3,
        3,
        0,
        2,
        3,
        1,
        4,
        1,
        0,
        4,
        2,
        0,
        3,
        0,
        1,
        5,
        2,
        2,
        4,
        1,
        1,
        5,
        2,
        0,
        5,
        0,
        3,
        0,
        5,
        2,
        2,
        2,
        3,
        1,
        5,
        3,
        1,
        2,
        1,
        0,
        2,
        2,
        0,
        1,
        2,
        5,
        5,
        1,
        5,
        1,
        0,
        3,
        5,
        2,
        0,
        3,
        2,
        0,
        0,
        0,
        5,
        4,
        3,
        0,
        3,
        4,
        1,
        3,
        2,
        3,
        0,
        5,
        3,
        4,
        4,
        0,
        1,
        2,
        4,
        0,
        4,
        0,
        3
      ]
    },
    "8": {
      "n_evaluated": 45,
      "purity": 0.4666666666666667,
      "nmi": 0.14215590730695105,
      "ari": -0.030491599253266957,
      "labels": [
        1,
        3,
        0,
        6,
        6,
        5,
        1,
        6,
        7,
        1,
        0,
        6,
        0,
        7,
        4,
        1,
        4,
        5,
        7,
        5,
        1,
        6,
        1,
        2,
        1,
        5,
        7,
        1,
        6,
        3,
        0,
        6,
        3,
        6,
        0,
        6,
        6,
        7,
        1,
        0,
        0,
        3,
        2,
        4,
        7,
        1,
        1,
        5,
        7,
        4,
        1,
        3,
        3,
        3,
        5,
        2,
        0,
        1,
        3,
        6,
        0,
        3,
        4,
        3,
        1,
        3,
        7,
        2,
        3,
        3,
        5,
        3,
        0,
        7,
        0,
        2,
        2,
        6,
        1,
        3,
        6,
        4,
        2,
        4,
        0,
        0,
        5,
        0,
        4,
        2,
        4,
        7,
        1,
        7,
        1,
        6,
        1,
        7,
        0,
        0,
        4,
        4,
        0,
        0,
        0,
        6,
        5,
        1,
        0,
        5,
        4,
        7,
        1,
        2,
        6,
        5,
        7,
        4,
        3,
        6,
        5,
        1,
        4,
        4,
        1,
        2,
        0,
        6
      ]
    },
    "10": {
      "n_evaluated": 45,
      "purity": 0.5333333333333333,
      "nmi": 0.1558996171645009,
      "ari": -0.03004706944354891,
      "labels": [
        5,
        8,
        1,
        8,
        6,
        4,
        7,
        8,
        6,
        3,
        5,
        7,
        0,
        6,
        3,
        7,
        7,
        1,
        2,
        1,
        7,
        4,
        7,
        3,
        7,
        4,
        6,
        9,
        6,
        6,
        7,
        8,
        8,
        3,
        0,
        9,
        6,
        2,
        7,
        9,
        0,
        4,
        2,
        3,
        1,
        7,
        7,
        1,
        2,
        3,
        8,
        8,
        8,
        5,
        4,
        2,
        9,
        7,
        6,
        8,
        5,
        2,
        3,
        8,
        9,
        8,
        6,
        8,
        5,
        5,
        6,
        4,
        0,
        2,
        2,
        2,
        2,
        4,
        5,
        6,
        3,
        2,
        9,
        7,
        0,
        0,
        2,
        5,
        1,
        2,
        2,
        2,
        2,
        1,
        5,
        8,
        7,
        1,
        0,
        5,
        3,
        0,
        5,
        9,
        6,
        1,
        4,
        9,
        0,
        4,
        3,
        6,
        9,
        2,
        8,
        1,
        2,
        3,
        8,
        8,
        1,
        7,
        3,
        3,
        9,
        8,
        6,
        6
      ]
    },
    "12": {
      "n_evaluated": 45,
      "purity": 0.5111111111111111,
      "nmi": 0.16997017140187298,
      "ari": -0.03071470761961016,