{
  "model": "EleutherAI/pythia-1b",
  "revision": "step1",
  "n_layer": 16,
  "n_head": 8,
  "n_examples": 2000,
  "ising_norm": 10.903680446404689,
  "eig_info": {
    "top_eigenvalues": [
      8.737280083252195,
      1.0843291296348136,
      1.01430090387201,
      0.9732948097433127,
      0.9523487026552713,
      0.9152239658598337,
      0.8719859206348073,
      0.8397336377725141,
      0.8285486104553916,
      0.8149609163089723,
      0.8032037756148687,
      0.768426117336391,
      0.7531519944243411,
      0.7047708541871028,
      0.6944027811453309
    ],
    "top_gaps": [
      7.652950953617381,
      0.07002822576280354,
      0.04100609412869738,
      0.020946107088041455,
      0.037124736795437596,
      0.04323804522502639,
      0.0322522828622932,
      0.011185027317122453,
      0.01358769414641936,
      0.011757140694103607,
      0.034777658278477674,
      0.015274122912049881,
      0.048381140237238274,
      0.010368073041771897,
      0.014721318244515835
    ],
    "argmax_gap_below_15": 1
  },
  "metrics_by_k": {
    "4": {
      "n_evaluated": 45,
      "purity": 0.4666666666666667,
      "nmi": 0.05731982962784571,
      "ari": -0.02576309157098852,
      "labels": [
        1,
        0,
        0,
        2,
        0,
        3,
        3,
        3,
        0,
        1,
        1,
        0,
        2,
        3,
        2,
        0,
        3,
        1,
        3,
        3,
        3,
        1,
        1,
        0,
        2,
        1,
        2,
        1,
        1,
        3,
        0,
        3,
        1,
        1,
        3,
        1,
        1,
        1,
        2,
        2,
        0,
        1,
        0,
        2,
        0,
        3,
        2,
        0,
        1,
        2,
        0,
        1,
        1,
        3,
        3,
        2,
        1,
        3,
        3,
        1,
        1,
        3,
        0,
        2,
        2,
        1,
        1,
        3,
        0,
        1,
        3,
        3,
        3,
        1,
        0,
        0,
        1,
        3,
        0,
        3,
        0,
        3,
        0,
        3,
        0,
        3,
        0,
        3,
        3,
        2,
        2,
        3,
        0,
        0,
        2,
        1,
        0,
        0,
        2,
        3,
        2,
        2,
        1,
        1,
        0,
        0,
        0,
        0,
        3,
        2,
        3,
        1,
        3,
        0,
        3,
        0,
        3,
        1,
        3,
        3,
        3,
        3,
        3,
        2,
        1,
        1,
        2,
        2
      ]
    },
    "6": {
      "n_evaluated": 45,
      "purity": 0.4888888888888889,
      "nmi": 0.08201198252374405,
      "ari": -0.02391264564143232,
      "labels": [
        5,
        4,
        4,
        5,
        3,
        2,
        0,
        2,
        4,
        1,
        1,
        4,
        5,
        2,
        5,
        4,
        5,
        1,
        4,
        0,
        2,
        1,
        1,
        4,
        5,
        5,
        3,
        1,
        1,
        2,
        4,
        3,
        1,
        1,
        2,
        5,
        2,
        1,
        5,
        3,
        1,
        1,
        0,
        0,
        0,
        2,
        5,
        3,
        1,
        3,
        1,
        0,
        5,
        2,
        2,
        5,
        5,
        3,
        2,
        1,
        1,
        2,
        0,
        5,
        3,
        5,
        1,
        3,
        0,
        1,
        5,
        2,
        2,
        5,
        1,
        0,
        1,
        2,
        3,
        2,
        4,
        3,
        0,
        3,
        0,
        2,
        4,
        3,
        3,
        1,
        5,
        2,
        4,
        0,
        3,
        0,
        4,
        0,
        3,
        4,
        3,
        5,
        2,
        5,
        3,
        1,
        4,
        4,
        2,
        0,
        2,
        1,
        5,
        0,
        3,
        4,
        3,
        1,
        2,
        3,
        3,
        3,
        3,
        0,
        4,
        2,
        3,
        5
      ]
    },
    "8": {
      "n_evaluated": 45,
      "purity": 0.5333333333333333,
      "nmi": 0.18176394960212627,
      "ari": -0.000887142766618085,
      "labels": [
        7,
        0,
        0,
        4,
        0,
        7,
        7,
        2,
        3,
        1,
        3,
        0,
        4,
        6,
        7,
        0,
        5,
        2,
        3,
        6,
        5,
        1,
        1,
        0,
        7,
        7,
        4,
        5,
        1,
        5,
        0,
        3,
        1,
        1,
        0,
        7,
        6,
        1,
        4,
        2,
        1,
        1,
        1,
        4,
        0,
        6,
        4,
        2,
        1,
        0,
        1,
        6,
        7,
        5,
        2,
        4,
        6,
        5,
        1,
        1,
        5,
        5,
        6,
        5,
        4,
        7,
        1,
        1,
        6,
        5,
        3,
        6,
        5,
        7,
        1,
        6,
        1,
        1,
        2,
        2,
        3,
        2,
        6,
        2,
        0,
        7,
        3,
        3,
        3,
        1,
        7,
        5,
        0,
        2,
        5,
        7,
        0,
        6,
        4,
        3,
        4,
        4,
        7,
        7,
        0,
        1,
        0,
        3,
        5,
        0,
        6,
        5,
        5,
        0,
        1,
        0,
        5,
        3,
        7,
        2,
        2,
        2,
        2,
        4,
        4,
        6,
        4,
        5
      ]
    },
    "10": {
      "n_evaluated": 45,
      "purity": 0.5333333333333333,
      "nmi": 0.16990244607269425,
      "ari": -0.018440905280804692,
      "labels": [
        6,
        3,
        0,
        4,
        0,
        6,
        6,
        5,
        3,
        7,
        3,
        3,
        4,
        6,
        4,
        0,
        2,
        7,
        1,
        0,
        0,
        7,
        7,
        3,
        4,
        4,
        4,
        9,
        2,
        1,
        3,
        5,
        2,
        7,
        2,
        6,
        8,
        7,
        6,
        9,
        7,
        7,
        0,
        4,
        0,
        7,
        4,
        5,
        7,
        2,
        7,
        8,
        4,
        2,
        1,
        4,
        8,
        0,
        7,
        7,
        2,
        0,
        8,
        4,
        5,
        4,
        7,
        5,
        8,
        2,
        1,
        6,
        2,
        1,
        2,
        8,
        7,
        7,
        5,
        1,
        3,
        5,
        0,
        7,
        0,
        6,
        3,
        1,
        1,
        9,
        6,
        0,
        0,
        2,
        9,
        0,
        0,
        2,
        9,
        5,
        5,
        4,
        7,
        4,
        0,
        2,
        3,
        5,
        7,
        4,
        6,
        7,
        2,
        0,
        7,
        3,
        9,
        7,
        6,
        5,
        1,
        9,
        5,
        9,
        4,
        8,
        9,
        2
      ]
    },
    "12": {
      "n_evaluated": 45,
      "purity": 0.5555555555555556,
      "nmi": 0.16487945023543757,
      "ari": -0.010844306738962044,