{
  "baseline": {
    "n": 2000,
    "loss": 5.955157279968262,
    "loss_std": 5.0764312744140625,
    "acc_top1": 0.27900001406669617,
    "mean_logit_target": 12.18864631652832
  },
  "candidate_ablation": {
    "n": 2000,
    "loss": 6.004990100860596,
    "loss_std": 4.072075366973877,
    "acc_top1": 0.21050000190734863,
    "mean_logit_target": 9.185593605041504,
    "ablated_heads": [
      [
        0,
        0
      ],
      [
        0,
        2
      ],
      [
        0,
        4
      ],
      [
        0,
        6
      ],
      [
        1,
        2
      ],
      [
        1,
        7
      ],
      [
        2,
        4
      ],
      [
        2,
        6
      ],
      [
        3,
        0
      ]
    ],
    "by_layer": {
      "0": [
        0,
        2,
        4,
        6
      ],
      "1": [
        2,
        7
      ],
      "2": [
        4,
        6
      ],
      "3": [
        0
      ]
    }
  },
  "controls": [
    {
      "n": 2000,
      "loss": 5.5407185554504395,
      "loss_std": 4.648865699768066,
      "acc_top1": 0.2849999964237213,
      "mean_logit_target": 11.812074661254883,
      "seed_idx": 0,
      "heads": [
        [
          7,
          1
        ],
        [
          12,
          7
        ],
        [
          13,
          0
        ],
        [
          1,
          5
        ],
        [
          13,
          2
        ],
        [
          3,
          7
        ],
        [
          1,
          4
        ],
        [
          2,
          0
        ],
        [
          6,
          6
        ]
      ]
    },
    {
      "n": 2000,
      "loss": 5.592297077178955,
      "loss_std": 4.767673492431641,
      "acc_top1": 0.28949999809265137,
      "mean_logit_target": 11.938892364501953,
      "seed_idx": 1,
      "heads": [
        [
          15,
          2
        ],
        [
          11,
          4
        ],
        [
          13,
          7
        ],
        [
          1,
          6
        ],
        [
          10,
          5
        ],
        [
          13,
          0
        ],
        [
          9,
          6
        ],
        [
          10,
          3
        ],
        [
          6,
          0
        ]
      ]
    },
    {
      "n": 2000,
      "loss": 5.78859281539917,
      "loss_std": 4.822427749633789,
      "acc_top1": 0.27149999141693115,
      "mean_logit_target": 11.843650817871094,
      "seed_idx": 2,
      "heads": [
        [
          13,
          7
        ],
        [
          10,
          6
        ],
        [
          2,
          7
        ],
        [
          9,
          0
        ],
        [
          14,
          3
        ],
        [
          5,
          7
        ],
        [
          4,
          3
        ],
        [
          8,
          3
        ],
        [
          13,
          2
        ]
      ]
    },
    {
      "n": 2000,
      "loss": 5.951601982116699,
      "loss_std": 5.009064197540283,
      "acc_top1": 0.27250000834465027,
      "mean_logit_target": 11.870024681091309,
      "seed_idx": 3,
      "heads": [
        [
          15,
          6
        ],
        [
          11,
          6
        ],
        [
          11,
          3
        ],
        [
          13,
          7
        ],
        [
          7,
          0
        ],
        [
          3,
          6
        ],
        [
          12,
          6
        ],
        [
          6,
          1
        ],
        [
          9,
          0
        ]
      ]
    },
    {
      "n": 2000,
      "loss": 5.723114967346191,
      "loss_std": 4.889966011047363,
      "acc_top1": 0.28200000524520874,
      "mean_logit_target": 11.940654754638672,
      "seed_idx": 4,
      "heads": [
        [
          4,
          2
        ],
        [
          4,
          6
        ],
        [
          15,
          2
        ],
        [
          15,
          5
        ],
        [
          3,
          4
        ],
        [
          12,
          1
        ],
        [
          15,
          4
        ],
        [
          4,
          4
        ],
        [
          5,
          0
        ]
      ]
    }
  ],
  "summary": {
    "baseline_loss": 5.955157279968262,
    "candidate_dloss": 0.049832820892333984,
    "control_dloss_mean": -0.2358922004699707,
    "control_dloss_std": 0.14615151575158708,
    "control_dloss_min": -0.41443872451782227,
    "control_dloss_max": -0.0035552978515625,
    "z_dloss": 1.9549918445454233,
    "z_dacc": -9.888519002579782,
    "z_dlogit": -52.50755320027242,
    "p_exceed_dloss": 0.0
  }
}