{
  "baseline": {
    "cluster1": {
      "n": 637,
      "loss": 4.202415943145752,
      "loss_std": 5.698700428009033,
      "acc_top1": 0.5620093941688538,
      "mean_logit_target": 14.58702278137207
    },
    "non_cluster1": {
      "n": 1363,
      "loss": 7.6487226486206055,
      "loss_std": 5.02081823348999,
      "acc_top1": 0.1283932477235794,
      "mean_logit_target": 8.278624534606934
    },
    "overall": {
      "n": 2000,
      "loss": 6.551074028015137,
      "loss_std": 5.4864397048950195,
      "acc_top1": 0.26649999618530273,
      "mean_logit_target": 10.287849426269531
    }
  },
  "candidate_ablation": {
    "cluster1": {
      "n": 637,
      "loss": 3.5556342601776123,
      "loss_std": 4.553067207336426,
      "acc_top1": 0.5447409749031067,
      "mean_logit_target": 13.068787574768066
    },
    "non_cluster1": {
      "n": 1363,
      "loss": 6.403859615325928,
      "loss_std": 4.164544105529785,
      "acc_top1": 0.14013205468654633,
      "mean_logit_target": 8.513795852661133
    },
    "overall": {
      "n": 2000,
      "loss": 5.496700286865234,
      "loss_std": 4.492554187774658,
      "acc_top1": 0.26899999380111694,
      "mean_logit_target": 9.964560508728027
    },
    "ablated_heads": [
      [
        0,
        0
      ],
      [
        0,
        2
      ],
      [
        0,
        7
      ],
      [
        0,
        8
      ],
      [
        0,
        9
      ],
      [
        0,
        10
      ],
      [
        0,
        11
      ],
      [
        0,
        12
      ],
      [
        0,
        13
      ],
      [
        1,
        1
      ],
      [
        1,
        5
      ],
      [
        1,
        12
      ],
      [
        1,
        13
      ],
      [
        1,
        14
      ],
      [
        3,
        5
      ],
      [
        8,
        11
      ],
      [
        9,
        14
      ],
      [
        10,
        5
      ],
      [
        10,
        15
      ],
      [
        12,
        4
      ],
      [
        15,
        0
      ],
      [
        15,
        7
      ]
    ],
    "by_layer": {
      "0": [
        0,
        2,
        7,
        8,
        9,
        10,
        11,
        12,
        13
      ],
      "1": [
        1,
        5,
        12,
        13,
        14
      ],
      "3": [
        5
      ],
      "8": [
        11
      ],
      "9": [
        14
      ],
      "10": [
        5,
        15
      ],
      "12": [
        4
      ],
      "15": [
        0,
        7
      ]
    }
  },
  "controls": [
    {
      "seed_idx": 0,
      "heads": [
        [
          15,
          2
        ],
        [
          7,
          4
        ],
        [
          14,
          9
        ],
        [
          13,
          2
        ],
        [
          9,
          9
        ],
        [
          13,
          6
        ],
        [
          10,
          7
        ],
        [
          7,
          9
        ],
        [
          10,
          2
        ],
        [
          6,
          11
        ],
        [
          9,
          10
        ],
        [
          7,
          7
        ],
        [
          9,
          8
        ],
        [
          11,
          0
        ],
        [
          7,
          10
        ],
        [
          1,
          2
        ],
        [
          5,
          6
        ],
        [
          14,
          8
        ],
        [
          8,
          14
        ],
        [
          0,
          14
        ],
        [
          12,
          10
        ],
        [
          3,
          11
        ]
      ],
      "cluster1": {
        "n": 637,
        "loss": 4.150944232940674,
        "loss_std": 5.4505228996276855,
        "acc_top1": 0.5416012406349182,
        "mean_logit_target": 13.751977920532227
      },
      "non_cluster1": {
        "n": 1363,
        "loss": 7.5383782386779785,
        "loss_std": 4.891127586364746,
        "acc_top1": 0.12399119883775711,
        "mean_logit_target": 8.104434967041016
      },
      "overall": {
        "n": 2000,
        "loss": 6.459480285644531,
        "loss_std": 5.315670013427734,
        "acc_top1": 0.25699999928474426,
        "mean_logit_target": 9.903177261352539
      }
    },
    {
      "seed_idx": 1,
      "heads": [
        [
          11,
          7
        ],
        [
          15,
          11
        ],
        [
          5,
          12
        ],
        [
          15,
          2
        ],
        [
          8,
          9
        ],
        [
          7,
          7
        ],
        [
          8,
          8
        ],
        [
          1,
          7
        ],
        [
          14,
          15
        ],
        [
          6,
          15
        ],
        [
          8,
          0
        ],
        [
          7,
          5
        ],
        [
          4,
          11
        ],
        [
          14,
          9
        ],
        [
          8,
          6
        ],
        [
          4,
          13
        ],
        [
          5,
          11
        ],
        [
          11,
          15
        ],
        [
          15,
          5
        ],
        [
          13,
          5
        ],
        [
          0,
          3
        ],
        [
          1,
          4
        ]
      ],
      "cluster1": {
        "n": 637,
        "loss": 4.217730522155762,
        "loss_std": 5.609117031097412,
        "acc_top1": 0.5541601181030273,
        "mean_logit_target": 13.997299194335938
      },
      "non_cluster1": {
        "n": 1363,
        "loss": 7.544950485229492,
        "loss_std": 4.879324913024902,
        "acc_top1": 0.12619222700595856,
        "mean_logit_target": 8.05706787109375
      },
      "overall": {
        "n": 2000,
        "loss": 6.485230922698975,
        "loss_std": 5.352443218231201,
        "acc_top1": 0.26249998807907104,
        "mean_logit_target": 9.949030876159668
      }
    },
    {
      "seed_idx": 2,
      "heads": [
        [
          1,
          6
        ],
        [
          10,
          10
        ],
        [
          12,
          6
        ],
        [
          6,
          5
        ],
        [
          6,
          4
        ],
        [
          14,
          12
        ],
        [
          0,
          4
        ],
        [
          14,
          2
        ],
        [
          10,
          12
        ],
        [
          3,
          15
        ],
        [
          9,
          2
        ],
        [
          10,
          0
        ],
        [
          15,
          13
        ],
        [
          15,
          9
        ],
        [
          10,
          9
        ],
        [
          7,
          6
        ],
        [
          3,
          11
        ],
        [
          4,
          1
        ],
        [
          3,
          8
        ],
        [
          2,
          1
        ],
        [
          13,
          10
        ],
        [
          4,
          0
        ]
      ],
      "cluster1": {
        "n": 637,
        "loss": 3.969986915588379,
        "loss_std": 5.362647533416748,
        "acc_top1": 0.5682888627052307,
        "mean_logit_target": 14.122736930847168
      },
      "non_cluster1": {
        "n": 1363,
        "loss": 7.354289531707764,
        "loss_std": 4.761483192443848,
        "acc_top1": 0.13352897763252258,
        "mean_logit_target": 8.120109558105469
      },
      "overall": {
        "n": 2000,
        "loss": 6.276388645172119,
        "loss_std": 5.205407619476318,
        "acc_top1": 0.2720000147819519,
        "mean_logit_target": 10.031946182250977
      }
    },
    {
      "seed_idx": 3,