{
  "model": "allenai/OLMoE-1B-7B-0924",
  "n_layer": 16,
  "n_head": 16,
  "n_expert": 64,
  "n_examples": 2000,
  "marginal_baseline_ari": {
    "4": {
      "n_evaluated": 45,
      "purity": 0.6444444444444445,
      "nmi": 0.20939726946050824,
      "ari": 0.034993664099814796
    },
    "6": {
      "n_evaluated": 45,
      "purity": 0.6666666666666666,
      "nmi": 0.23166721365748422,
      "ari": 0.008612056879631484
    },
    "8": {
      "n_evaluated": 45,
      "purity": 0.6666666666666666,
      "nmi": 0.19865389601927858,
      "ari": -0.010574018126888218
    },
    "10": {
      "n_evaluated": 45,
      "purity": 0.6666666666666666,
      "nmi": 0.2364909176396504,
      "ari": 0.014532243415077202
    },
    "12": {
      "n_evaluated": 45,
      "purity": 0.7111111111111111,
      "nmi": 0.27610012048777877,
      "ari": 0.017207147584381206
    }
  },
  "strategy_A_stratified": {
    "4": {
      "per_cluster": [
        {
          "cluster": 0,
          "n_examples": 541,
          "best": {
            "k_spectral": 4,
            "n_evaluated": 45,
            "purity": 0.6222222222222222,
            "nmi": 0.11847940923368822,
            "ari": 0.08260869565217391
          }
        },
        {
          "cluster": 1,
          "n_examples": 637,
          "best": {
            "k_spectral": 4,
            "n_evaluated": 45,
            "purity": 0.6888888888888889,
            "nmi": 0.2999606802201576,
            "ari": 0.19133192389006343
          }
        },
        {
          "cluster": 2,
          "n_examples": 408,
          "best": {
            "k_spectral": 10,
            "n_evaluated": 45,
            "purity": 0.6666666666666666,
            "nmi": 0.2237811916135731,
            "ari": 0.018448680053001733
          }
        },
        {
          "cluster": 3,
          "n_examples": 414,
          "best": {
            "k_spectral": 6,
            "n_evaluated": 45,
            "purity": 0.6222222222222222,
            "nmi": 0.11497282740828722,
            "ari": 0.007916624912315864
          }
        }
      ],
      "mean_within_cluster_ari": 0.07507648112688874,
      "max_within_cluster_ari": 0.19133192389006343
    },
    "8": {
      "per_cluster": [
        {
          "cluster": 0,
          "n_examples": 505,
          "best": {
            "k_spectral": 6,
            "n_evaluated": 45,
            "purity": 0.6222222222222222,
            "nmi": 0.15729996429810675,
            "ari": -0.0015105740181268882
          }
        },
        {
          "cluster": 1,
          "n_examples": 242,
          "best": {
            "k_spectral": 6,
            "n_evaluated": 45,
            "purity": 0.6222222222222222,
            "nmi": 0.2185370336136133,
            "ari": 0.12392528906018381
          }
        },
        {
          "cluster": 2,
          "n_examples": 228,
          "best": {
            "k_spectral": 4,
            "n_evaluated": 45,
            "purity": 0.6222222222222222,
            "nmi": 0.11300214078411625,
            "ari": 0.03244220340595567
          }
        },
        {
          "cluster": 3,
          "n_examples": 407,
          "best": {
            "k_spectral": 12,
            "n_evaluated": 45,
            "purity": 0.7333333333333333,
            "nmi": 0.3346085675438533,
            "ari": 0.058268362741075094
          }
        },
        {
          "cluster": 4,
          "n_examples": 59,
          "skipped": true
        },
        {
          "cluster": 5,
          "n_examples": 146,
          "best": {
            "k_spectral": 12,
            "n_evaluated": 45,
            "purity": 0.6666666666666666,
            "nmi": 0.23239644964631292,
            "ari": 0.030211480362537766
          }
        },
        {
          "cluster": 6,
          "n_examples": 279,
          "best": {
            "k_spectral": 8,
            "n_evaluated": 45,
            "purity": 0.6888888888888889,
            "nmi": 0.25730005880085505,
            "ari": 0.05823884920833125
          }
        },
        {
          "cluster": 7,
          "n_examples": 134,
          "best": {
            "k_spectral": 6,
            "n_evaluated": 45,
            "purity": 0.6888888888888889,
            "nmi": 0.23204523945331712,
            "ari": 0.10962919536860619
          }
        }
      ],
      "mean_within_cluster_ari": 0.058743543732651844,
      "max_within_cluster_ari": 0.12392528906018381
    },
    "16": {
      "per_cluster": [
        {
          "cluster": 0,
          "n_examples": 152,
          "best": {
            "k_spectral": 6,
            "n_evaluated": 45,
            "purity": 0.7333333333333333,
            "nmi": 0.337825082915644,
            "ari": 0.1311361493026257
          }
        },
        {
          "cluster": 1,
          "n_examples": 96,
          "best": {
            "k_spectral": 4,
            "n_evaluated": 45,
            "purity": 0.6444444444444445,
            "nmi": 0.14758844895189027,
            "ari": 0.05721533258173619
          }
        },
        {
          "cluster": 2,
          "n_examples": 155,
          "best": {
            "k_spectral": 4,
            "n_evaluated": 45,
            "purity": 0.6222222222222222,
            "nmi": 0.20908860243776894,
            "ari": 0.06134969325153374
          }
        },
        {
          "cluster": 3,
          "n_examples": 253,
          "best": {
            "k_spectral": 4,
            "n_evaluated": 45,
            "purity": 0.6222222222222222,
            "nmi": 0.13588636669442908,
            "ari": 0.008125525357242926
          }
        },
        {
          "cluster": 4,
          "n_examples": 91,
          "best": {
            "k_spectral": 4,
            "n_evaluated": 45,
            "purity": 0.6222222222222222,
            "nmi": 0.12796571947303853,
            "ari": 0.019028265287271383
          }
        },
        {
          "cluster": 5,
          "n_examples": 74,
          "skipped": true
        },
        {
          "cluster": 6,
          "n_examples": 179,
          "best": {
            "k_spectral": 6,
            "n_evaluated": 45,
            "purity": 0.6222222222222222,
            "nmi": 0.13180199171261173,
            "ari": -0.03232303384585155
          }
        },
        {
          "cluster": 7,
          "n_examples": 85,
          "best": {
            "k_spectral": 12,
            "n_evaluated": 45,
            "purity": 0.6666666666666666,
            "nmi": 0.22123822576508062,
            "ari": -0.01632275947028026
          }
        },
        {
          "cluster": 8,
          "n_examples": 130,
          "best": {
            "k_spectral": 4,
            "n_evaluated": 45,
            "purity": 0.6444444444444445,
            "nmi": 0.15420878141707423,
            "ari": 0.0837917900973339
          }
        },
        {
          "cluster": 9,
          "n_examples": 177,
          "best": {
            "k_spectral": 8,
            "n_evaluated": 45,
            "purity": 0.6666666666666666,
            "nmi": 0.1888665340993497,
            "ari": 0.016131486836098007
          }
        },
        {
          "cluster": 10,
          "n_examples": 54,
          "skipped": true
        },
        {
          "cluster": 11,
          "n_examples": 132,
          "best": {
            "k_spectral": 10,
            "n_evaluated": 45,
            "purity": 0.6444444444444445,
            "nmi": 0.17970056721585906,
            "ari": 0.024183071849705206
          }
        },
        {
          "cluster": 12,
          "n_examples": 54,
          "skipped": true
        },
        {
          "cluster": 13,
          "n_examples": 120,
          "best": {
            "k_spectral": 12,
            "n_evaluated": 45,
            "purity": 0.6888888888888889,
            "nmi": 0.26690627895555735,