{
  "ising_J": {
    "4": {
      "purity": 0.5555555555555556,
      "nmi": 0.19888359033719086,
      "ari": 0.02839206734198887
    },
    "6": {
      "purity": 0.6888888888888889,
      "nmi": 0.3786338779893395,
      "ari": 0.18327494112917123
    },
    "8": {
      "purity": 0.6888888888888889,
      "nmi": 0.3583498421372686,
      "ari": 0.1481217731885348
    },
    "10": {
      "purity": 0.7777777777777778,
      "nmi": 0.43114800736174913,
      "ari": 0.16943120815489474
    },
    "12": {
      "purity": 0.7333333333333333,
      "nmi": 0.4243373137295751,
      "ari": 0.15504437601883717
    }
  },
  "pearson_raw": {
    "4": {
      "purity": 0.6888888888888889,
      "nmi": 0.4340119226281371,
      "ari": 0.2825424000856027
    },
    "6": {
      "purity": 0.8888888888888888,
      "nmi": 0.6696985385777126,
      "ari": 0.4880224115259276
    },
    "8": {
      "purity": 0.8888888888888888,
      "nmi": 0.6391819284911527,
      "ari": 0.40010712372790574
    },
    "10": {
      "purity": 0.9111111111111111,
      "nmi": 0.643448645480169,
      "ari": 0.415866690816881
    },
    "12": {
      "purity": 0.9111111111111111,
      "nmi": 0.6130685802993161,
      "ari": 0.3235604695943847
    }
  },
  "pearson_spin": {
    "4": {
      "purity": 0.6666666666666666,
      "nmi": 0.36097296658754613,
      "ari": 0.18130042714760322
    },
    "6": {
      "purity": 0.7777777777777778,
      "nmi": 0.5002787170553041,
      "ari": 0.3263396654380493
    },
    "8": {
      "purity": 0.8444444444444444,
      "nmi": 0.5576141892324501,
      "ari": 0.3277335348485729
    },
    "10": {
      "purity": 0.8888888888888888,
      "nmi": 0.6249819375604896,
      "ari": 0.37053326003298515
    },
    "12": {
      "purity": 0.8888888888888888,
      "nmi": 0.6028526977346674,
      "ari": 0.33153274814314654
    }
  },
  "mutual_info": {
    "4": {
      "purity": 0.7333333333333333,
      "nmi": 0.4959971666697779,
      "ari": 0.33507065713825157
    },
    "6": {
      "purity": 0.8222222222222222,
      "nmi": 0.5353427943073383,
      "ari": 0.39260123312781203
    },
    "8": {
      "purity": 0.8888888888888888,
      "nmi": 0.6136964278846989,
      "ari": 0.4807791169246587
    },
    "10": {
      "purity": 0.8888888888888888,
      "nmi": 0.6248665721892667,
      "ari": 0.5022296866855852
    },
    "12": {
      "purity": 0.8888888888888888,
      "nmi": 0.6041398934144686,
      "ari": 0.4773215633892793
    }
  }
}