{
  "tag": "olmo_1b",
  "baseline_absJ": {
    "4": {
      "purity": 0.5555555555555556,
      "nmi": 0.19888359033719086,
      "ari": 0.02839206734198887
    },
    "6": {
      "purity": 0.6888888888888889,
      "nmi": 0.3786338779893395,
      "ari": 0.18327494112917123
    },
    "8": {
      "purity": 0.6888888888888889,
      "nmi": 0.3583498421372686,
      "ari": 0.1481217731885348
    },
    "10": {
      "purity": 0.7777777777777778,
      "nmi": 0.43114800736174913,
      "ari": 0.16943120815489474
    },
    "12": {
      "purity": 0.7333333333333333,
      "nmi": 0.4243373137295751,
      "ari": 0.15504437601883717
    }
  },
  "strategy_c_block_residual": {
    "4": {
      "purity": 0.4888888888888889,
      "nmi": 0.12242013400180454,
      "ari": -0.0326994559069116,
      "composition": {
        "0": {
          "duplicate-token": 1,
          "first-token": 7,
          "previous-token": 5,
          "self": 3
        },
        "1": {
          "first-token": 4,
          "previous-token": 5,
          "self": 2
        },
        "2": {
          "first-token": 4,
          "previous-token": 1
        },
        "3": {
          "first-token": 6,
          "previous-token": 3,
          "self": 1,
          "unclassified": 3
        }
      }
    },
    "6": {
      "purity": 0.5777777777777777,
      "nmi": 0.3113508287244127,
      "ari": 0.08694144170183248,
      "composition": {
        "0": {
          "first-token": 1,
          "self": 5,
          "unclassified": 1
        },
        "1": {
          "first-token": 5,
          "previous-token": 6
        },
        "2": {
          "first-token": 1,
          "self": 1,
          "unclassified": 1
        },
        "3": {
          "duplicate-token": 1,
          "first-token": 6,
          "previous-token": 5
        },
        "4": {
          "first-token": 5,
          "previous-token": 3,
          "unclassified": 1
        },
        "5": {
          "first-token": 3
        }
      }
    },
    "8": {
      "purity": 0.6,
      "nmi": 0.2766555421955001,
      "ari": 0.05011062608383663,
      "composition": {
        "0": {
          "first-token": 5,
          "previous-token": 2,
          "self": 1
        },
        "1": {
          "previous-token": 2
        },
        "2": {
          "first-token": 1,
          "previous-token": 1,
          "unclassified": 1
        },
        "3": {
          "duplicate-token": 1,
          "first-token": 2,
          "self": 5
        },
        "4": {
          "first-token": 2
        },
        "5": {
          "first-token": 4,
          "previous-token": 2
        },
        "6": {
          "first-token": 6,
          "previous-token": 5,
          "unclassified": 1
        },
        "7": {
          "first-token": 1,
          "previous-token": 2,
          "unclassified": 1
        }
      }
    },
    "10": {
      "purity": 0.6444444444444445,
      "nmi": 0.30207552347849725,
      "ari": 0.06267487409065473,
      "composition": {
        "0": {
          "first-token": 2,
          "previous-token": 2
        },
        "1": {
          "first-token": 1,
          "unclassified": 1
        },
        "2": {
          "first-token": 6,
          "previous-token": 2,
          "self": 1
        },
        "3": {
          "first-token": 1,
          "previous-token": 3,
          "unclassified": 1
        },
        "4": {
          "first-token": 2,
          "self": 5
        },
        "5": {
          "duplicate-token": 1,
          "first-token": 3
        },
        "6": {
          "first-token": 3,
          "previous-token": 1,
          "unclassified": 1
        },
        "8": {
          "first-token": 1,
          "previous-token": 2
        },
        "9": {
          "first-token": 2,
          "previous-token": 4
        }
      }
    },
    "12": {
      "purity": 0.6444444444444445,
      "nmi": 0.3336994440357956,
      "ari": 0.05519905301850352,
      "composition": {
        "0": {
          "first-token": 4,
          "previous-token": 5
        },
        "1": {
          "first-token": 5,
          "previous-token": 2,
          "self": 1
        },
        "2": {
          "first-token": 2,
          "self": 5
        },
        "3": {
          "unclassified": 1
        },
        "4": {
          "first-token": 2,
          "previous-token": 1
        },
        "5": {
          "first-token": 2,
          "previous-token": 2
        },
        "6": {
          "duplicate-token": 1,
          "first-token": 2,
          "previous-token": 1
        },
        "7": {
          "previous-token": 1
        },
        "8": {
          "first-token": 2,
          "unclassified": 1
        },
        "9": {
          "previous-token": 2,
          "unclassified": 1
        },
        "10": {
          "first-token": 1
        },
        "11": {
          "first-token": 1
        }
      }
    }
  },
  "strategy_d_within_layer": {
    "kpl_2": {
      "k_per_layer": 2,
      "total_clusters": 15,
      "purity": 0.8666666666666667,
      "nmi": 0.48691708553330465,
      "ari": 0.12000764379896808
    },
    "kpl_3": {
      "k_per_layer": 3,
      "total_clusters": 19,
      "purity": 0.8888888888888888,
      "nmi": 0.5010176291793671,
      "ari": 0.11217419993401517
    },
    "kpl_4": {
      "k_per_layer": 4,
      "total_clusters": 21,
      "purity": 0.8888888888888888,
      "nmi": 0.49115395451841,
      "ari": 0.09648134649791267
    }
  }
}