{
  "model": "allenai/OLMoE-1B-7B-0924",
  "revision": "step1220000-tokens5117B",
  "n_layer": 16,
  "n_head": 16,
  "n_examples": 2000,
  "ising_norm": 71.0586510295742,
  "eig_info": {
    "top_eigenvalues": [
      53.178528484473006,
      14.326571382300743,
      13.220120871468913,
      8.663278575994497,
      5.492184302641521,
      4.390927056242058,
      2.6752135669044548,
      2.5929674935068827,
      2.37634842828356,
      2.161750277979473,
      1.7886163297469366,
      1.6572414596610667,
      1.562772768721621,
      1.4840710071148753,
      1.4318762841198824
    ],
    "top_gaps": [
      38.851957102172264,
      1.1064505108318308,
      4.556842295474416,
      3.171094273352976,
      1.101257246399463,
      1.715713489337603,
      0.08224607339757206,
      0.21661906522332286,
      0.21459815030408702,
      0.3731339482325362,
      0.1313748700858699,
      0.09446869093944565,
      0.0787017616067458,
      0.05219472299499284,
      0.027591335163513975
    ],
    "argmax_gap_below_15": 1
  },
  "metrics_by_k": {
    "4": {
      "n_evaluated": 45,
      "purity": 0.6222222222222222,
      "nmi": 0.11819679195078231,
      "ari": 0.0005844535359438924,
      "labels": [
        2,
        1,
        3,
        2,
        1,
        1,
        1,
        2,
        2,
        2,
        2,
        2,
        2,
        2,
        1,
        1,
        2,
        3,
        3,
        2,
        0,
        2,
        3,
        1,
        0,
        1,
        0,
        3,
        2,
        0,
        3,
        2,
        0,
        0,
        2,
        3,
        1,
        1,
        0,
        1,
        0,
        0,
        1,
        2,
        1,
        0,
        0,
        1,
        0,
        2,
        3,
        1,
        1,
        3,
        0,
        2,
        0,
        0,
        1,
        1,
        3,
        1,
        2,
        3,
        3,
        2,
        3,
        1,
        2,
        1,
        2,
        3,
        0,
        2,
        0,
        2,
        1,
        3,
        0,
        2,
        1,
        2,
        3,
        3,
        3,
        3,
        1,
        2,
        0,
        1,
        1,
        0,
        0,
        2,
        1,
        1,
        3,
        2,
        3,
        0,
        1,
        0,
        0,
        0,
        3,
        2,
        1,
        2,
        0,
        2,
        2,
        2,
        3,
        2,
        0,
        2,
        0,
        3,
        2,
        2,
        1,
        3,
        0,
        1,
        2,
        3,
        2,
        3,
        1,
        3,
        2,
        1,
        2,
        0,
        3,
        1,
        3,
        1,
        1,
        1,
        0,
        0,
        2,
        1,
        3,
        3,
        0,
        0,
        3,
        3,
        1,
        0,
        0,
        1,
        2,
        1,
        1,
        2,
        2,
        1,
        1,
        2,
        3,
        2,
        0,
        2,
        3,
        3,
        2,
        1,
        1,
        3,
        0,
        3,
        1,
        0,
        3,
        2,
        1,
        3,
        2,
        2,
        3,
        3,
        1,
        3,
        3,
        3,
        1,
        3,
        0,
        3,
        1,
        2,
        3,
        2,
        0,
        3,
        2,
        2,
        3,
        1,
        3,
        3,
        0,
        3,
        0,
        2,
        1,
        1,
        3,
        3,
        3,
        0,
        3,
        3,
        0,
        0,
        2,
        0,
        0,
        2,
        2,
        0,
        2,
        1,
        1,
        3,
        1,
        2,
        2,
        0,
        1,
        0,
        1,
        0,
        2,
        2,
        3,
        0,
        3,
        0,
        0,
        2,
        2,
        2,
        3,
        3,
        0,
        0,
        2,
        1,
        3,
        1,
        1,
        1
      ]
    },
    "6": {
      "n_evaluated": 45,
      "purity": 0.6666666666666666,
      "nmi": 0.16070050648963985,
      "ari": -0.006219458018658374,
      "labels": [
        4,
        1,
        2,
        5,
        4,
        1,
        1,
        5,
        4,
        5,
        4,
        5,
        4,
        5,
        1,
        1,
        4,
        2,
        2,
        4,
        0,
        4,
        2,
        1,
        0,
        1,
        0,
        5,
        4,
        0,
        2,
        5,
        3,
        0,
        4,
        2,
        1,
        1,
        0,
        4,
        4,
        0,
        1,
        4,
        1,
        0,
        0,
        4,
        5,
        4,
        2,
        1,
        1,
        2,
        0,
        5,
        0,
        0,
        4,
        1,
        2,
        1,
        5,
        5,
        3,
        5,
        2,
        1,
        5,
        4,
        2,
        0,
        0,
        5,
        4,
        4,
        4,
        5,
        0,
        4,
        4,
        3,
        5,
        2,
        2,
        2,
        4,
        5,
        0,
        4,
        1,
        0,
        0,
        4,
        1,
        4,
        5,
        4,
        2,
        4,
        4,
        4,
        0,
        4,
        2,
        4,
        4,
        4,
        4,
        5,
        4,
        5,
        3,
        4,
        0,
        5,
        0,
        3,
        4,
        4,
        1,
        3,
        0,
        5,
        5,
        5,
        4,
        5,
        4,
        4,
        5,
        5,
        0,
        0,
        3,
        1,
        2,
        1,
        5,
        1,
        0,
        0,
        4,
        1,
        1,
        3,
        4,
        0,
        5,
        5,
        1,
        5,
        4,
        1,
        4,
        1,
        1,
        4,
        5,
        3,
        1,
        4,
        4,
        4,
        0,
        3,
        5,
        5,
        3,
        1,
        1,
        0,
        0,
        2,
        1,
        0,
        3,
        4,
        3,
        5,
        5,
        5,
        2,
        3,
        3,
        5,
        0,
        5,
        4,
        2,
        0,
        5,
        1,
        5,
        5,
        3,
        3,
        5,
        3,
        3,
        2,
        3,
        3,
        3,
        3,
        3,
        3,
        3,
        1,
        1,
        3,
        3,
        3,
        3,
        3,
        3,
        3,
        3,
        3,
        3,
        0,
        5,
        4,
        3,
        4,
        3,
        1,
        3,
        5,
        3,
        3,
        3,
        1,
        3,
        3,
        3,
        5,
        3,
        3,
        0,
        2,
        0,
        3,
        4,
        3,
        3,
        3,
        5,
        0,
        0,
        3,
        3,
        3,
        3,
        1,
        3
      ]
    },
    "8": {
      "n_evaluated": 45,
      "purity": 0.6888888888888889,
      "nmi": 0.20778679551069562,
      "ari": 0.018223234624145785,