{
  "model": "allenai/OLMoE-1B-7B-0924",
  "revision": "step800000-tokens3355B",
  "n_layer": 16,
  "n_head": 16,
  "n_examples": 2000,
  "ising_norm": 148.43809064639692,
  "eig_info": {
    "top_eigenvalues": [
      113.58872813950879,
      31.03776651765213,
      20.129135108392493,
      10.03352904513098,
      9.357011346974161,
      3.8554633208850593,
      2.140917096641285,
      1.677920257718596,
      1.6399160223664115,
      1.51692147962323,
      1.4683837391374168,
      1.3947321007792337,
      1.334092292191157,
      1.2737239829215885,
      1.2262824786628064
    ],
    "top_gaps": [
      82.55096162185666,
      10.908631409259637,
      10.095606063261513,
      0.6765176981568182,
      5.501548026089102,
      1.7145462242437741,
      0.46299683892268906,
      0.03800423535218456,
      0.12299454274318156,
      0.04853774048581316,
      0.07365163835818311,
      0.060639808588076605,
      0.0603683092695686,
      0.04744150425878213,
      0.024928025794124453
    ],
    "argmax_gap_below_15": 1
  },
  "metrics_by_k": {
    "4": {
      "n_evaluated": 45,
      "purity": 0.6222222222222222,
      "nmi": 0.18106501664501043,
      "ari": -0.030267753201396973,
      "labels": [
        0,
        0,
        0,
        1,
        0,
        0,
        3,
        3,
        2,
        2,
        3,
        1,
        3,
        0,
        0,
        0,
        3,
        2,
        2,
        0,
        0,
        0,
        1,
        0,
        2,
        0,
        3,
        0,
        2,
        3,
        1,
        0,
        3,
        2,
        2,
        0,
        3,
        3,
        0,
        3,
        2,
        3,
        1,
        3,
        3,
        0,
        0,
        0,
        3,
        1,
        1,
        2,
        0,
        2,
        3,
        2,
        2,
        2,
        3,
        2,
        1,
        2,
        1,
        2,
        0,
        2,
        1,
        2,
        2,
        2,
        3,
        2,
        2,
        0,
        2,
        0,
        0,
        1,
        2,
        2,
        3,
        1,
        3,
        0,
        1,
        0,
        0,
        2,
        1,
        3,
        2,
        0,
        0,
        2,
        3,
        2,
        2,
        3,
        0,
        2,
        3,
        1,
        3,
        2,
        2,
        3,
        1,
        2,
        1,
        0,
        0,
        2,
        3,
        0,
        2,
        3,
        0,
        0,
        2,
        0,
        2,
        2,
        3,
        2,
        3,
        2,
        1,
        1,
        2,
        2,
        1,
        0,
        3,
        1,
        1,
        3,
        1,
        1,
        0,
        0,
        0,
        0,
        3,
        1,
        2,
        1,
        1,
        3,
        1,
        3,
        0,
        1,
        1,
        2,
        2,
        1,
        2,
        0,
        3,
        1,
        3,
        3,
        3,
        1,
        2,
        3,
        2,
        1,
        2,
        3,
        3,
        1,
        0,
        3,
        0,
        1,
        0,
        2,
        1,
        3,
        0,
        2,
        2,
        1,
        2,
        3,
        3,
        1,
        1,
        3,
        2,
        3,
        3,
        0,
        3,
        0,
        1,
        1,
        3,
        2,
        0,
        2,
        3,
        0,
        0,
        1,
        3,
        3,
        2,
        0,
        1,
        3,
        3,
        1,
        1,
        0,
        1,
        3,
        1,
        3,
        3,
        1,
        3,
        3,
        0,
        3,
        0,
        0,
        0,
        0,
        0,
        0,
        0,
        2,
        2,
        2,
        0,
        3,
        3,
        3,
        3,
        1,
        0,
        0,
        1,
        3,
        0,
        1,
        1,
        0,
        3,
        3,
        3,
        2,
        3,
        1
      ]
    },
    "6": {
      "n_evaluated": 45,
      "purity": 0.6222222222222222,
      "nmi": 0.18089417942806146,
      "ari": -0.044037239544850004,
      "labels": [
        4,
        4,
        0,
        3,
        4,
        0,
        1,
        4,
        4,
        2,
        1,
        3,
        1,
        5,
        0,
        0,
        1,
        2,
        3,
        0,
        0,
        0,
        3,
        0,
        2,
        0,
        1,
        0,
        2,
        1,
        3,
        4,
        1,
        2,
        2,
        5,
        1,
        1,
        4,
        0,
        2,
        1,
        5,
        1,
        1,
        5,
        0,
        5,
        1,
        3,
        3,
        2,
        5,
        2,
        1,
        2,
        2,
        2,
        1,
        2,
        3,
        2,
        3,
        4,
        4,
        2,
        3,
        2,
        0,
        0,
        1,
        2,
        0,
        0,
        2,
        5,
        5,
        3,
        2,
        2,
        1,
        3,
        1,
        4,
        5,
        0,
        4,
        0,
        3,
        1,
        2,
        0,
        0,
        2,
        1,
        2,
        2,
        0,
        0,
        2,
        0,
        3,
        0,
        2,
        0,
        1,
        3,
        2,
        3,
        4,
        4,
        5,
        1,
        0,
        2,
        1,
        0,
        4,
        2,
        1,
        2,
        0,
        1,
        2,
        1,
        2,
        3,
        0,
        2,
        2,
        2,
        0,
        1,
        3,
        5,
        1,
        3,
        0,
        0,
        0,
        0,
        0,
        1,
        3,
        2,
        3,
        3,
        5,
        3,
        1,
        4,
        3,
        3,
        2,
        2,
        3,
        2,
        5,
        1,
        3,
        1,
        1,
        1,
        0,
        2,
        1,
        2,
        3,
        2,
        1,
        1,
        3,
        4,
        1,
        4,
        0,
        5,
        0,
        3,
        1,
        0,
        2,
        2,
        3,
        2,
        1,
        1,
        0,
        3,
        1,
        2,
        1,
        1,
        0,
        1,
        4,
        3,
        3,
        5,
        2,
        5,
        2,
        1,
        0,
        0,
        3,
        1,
        1,
        2,
        5,
        3,
        1,
        1,
        3,
        3,
        5,
        5,
        1,
        5,
        5,
        5,
        3,
        4,
        1,
        4,
        1,
        5,
        5,
        0,
        5,
        0,
        0,
        5,
        5,
        2,
        2,
        5,
        1,
        1,
        1,
        1,
        5,
        5,
        5,
        3,
        5,
        5,
        3,
        5,
        5,
        5,
        1,
        1,
        2,
        1,
        5
      ]
    },
    "8": {
      "n_evaluated": 45,
      "purity": 0.6444444444444445,
      "nmi": 0.2751915106463937,
      "ari": -0.03933839964237819,