{
  "model": "allenai/OLMoE-1B-7B-0924",
  "revision": "step10000-tokens41B",
  "n_layer": 16,
  "n_head": 16,
  "n_examples": 2000,
  "ising_norm": 14.95671212218688,
  "eig_info": {
    "top_eigenvalues": [
      11.590346694399953,
      1.7834549347413478,
      1.6081022349094172,
      1.3053556148031389,
      1.2313885356089582,
      1.1656291825654357,
      1.1512784427737348,
      1.0998342702002857,
      1.035238480776689,
      1.0295513605360205,
      1.020925255923387,
      0.9684481755522834,
      0.9559905876084788,
      0.9333303879057847,
      0.9102126332005065
    ],
    "top_gaps": [
      9.806891759658605,
      0.17535269983193058,
      0.3027466201062783,
      0.07396707919418066,
      0.06575935304352254,
      0.014350739791700873,
      0.05144417257344913,
      0.06459578942359667,
      0.005687120240668531,
      0.008626104612633467,
      0.05247708037110366,
      0.012457587943804582,
      0.02266019970269406,
      0.023117754705278215,
      0.016884591647504554
    ],
    "argmax_gap_below_15": 1
  },
  "metrics_by_k": {
    "4": {
      "n_evaluated": 45,
      "purity": 0.6222222222222222,
      "nmi": 0.25708454301892214,
      "ari": -0.06112054329371817,
      "labels": [
        1,
        2,
        1,
        1,
        1,
        2,
        1,
        1,
        2,
        1,
        1,
        1,
        1,
        0,
        1,
        1,
        2,
        2,
        1,
        2,
        2,
        2,
        1,
        2,
        2,
        1,
        2,
        1,
        2,
        1,
        1,
        2,
        2,
        2,
        1,
        2,
        2,
        1,
        2,
        2,
        2,
        2,
        1,
        1,
        1,
        1,
        2,
        2,
        1,
        2,
        2,
        2,
        2,
        3,
        1,
        1,
        2,
        2,
        2,
        2,
        0,
        2,
        1,
        0,
        0,
        0,
        3,
        2,
        2,
        3,
        0,
        1,
        2,
        2,
        3,
        1,
        2,
        1,
        2,
        3,
        2,
        2,
        0,
        0,
        0,
        1,
        0,
        0,
        2,
        0,
        0,
        2,
        2,
        2,
        0,
        2,
        2,
        0,
        3,
        3,
        2,
        0,
        2,
        0,
        3,
        3,
        0,
        1,
        3,
        2,
        0,
        0,
        0,
        2,
        2,
        3,
        0,
        0,
        3,
        1,
        0,
        3,
        0,
        0,
        0,
        0,
        0,
        0,
        2,
        0,
        3,
        3,
        0,
        3,
        3,
        3,
        0,
        0,
        0,
        1,
        3,
        0,
        0,
        0,
        0,
        0,
        0,
        3,
        0,
        3,
        3,
        2,
        0,
        3,
        0,
        3,
        3,
        3,
        3,
        3,
        3,
        3,
        0,
        3,
        3,
        3,
        2,
        3,
        3,
        2,
        3,
        3,
        1,
        3,
        3,
        2,
        3,
        0,
        3,
        3,
        3,
        3,
        3,
        3,
        3,
        3,
        0,
        3,
        3,
        3,
        3,
        3,
        3,
        1,
        3,
        3,
        3,
        3,
        3,
        1,
        2,
        3,
        3,
        3,
        3,
        3,
        3,
        3,
        3,
        1,
        3,
        3,
        3,
        3,
        3,
        3,
        3,
        3,
        3,
        3,
        3,
        3,
        2,
        3,
        3,
        3,
        3,
        3,
        2,
        3,
        3,
        3,
        3,
        3,
        0,
        3,
        3,
        3,
        3,
        1,
        3,
        3,
        3,
        3,
        3,
        3,
        2,
        3,
        3,
        3,
        3,
        3,
        3,
        3,
        1,
        3
      ]
    },
    "6": {
      "n_evaluated": 45,
      "purity": 0.6444444444444445,
      "nmi": 0.2203416109933933,
      "ari": -0.05138148327678139,
      "labels": [
        2,
        0,
        2,
        2,
        4,
        0,
        2,
        2,
        0,
        3,
        4,
        4,
        4,
        5,
        4,
        4,
        0,
        0,
        2,
        0,
        5,
        0,
        2,
        0,
        0,
        2,
        0,
        0,
        2,
        2,
        4,
        0,
        0,
        0,
        2,
        0,
        2,
        2,
        0,
        0,
        0,
        0,
        2,
        3,
        2,
        2,
        0,
        2,
        2,
        0,
        0,
        0,
        0,
        1,
        2,
        2,
        0,
        0,
        0,
        2,
        5,
        0,
        2,
        5,
        3,
        3,
        3,
        0,
        0,
        3,
        0,
        4,
        0,
        0,
        3,
        3,
        0,
        3,
        0,
        1,
        3,
        0,
        3,
        5,
        3,
        2,
        5,
        3,
        0,
        3,
        5,
        0,
        0,
        0,
        5,
        0,
        0,
        5,
        2,
        3,
        0,
        3,
        3,
        3,
        0,
        3,
        5,
        3,
        3,
        0,
        5,
        3,
        5,
        3,
        0,
        3,
        5,
        0,
        1,
        2,
        5,
        1,
        5,
        5,
        0,
        5,
        3,
        5,
        1,
        5,
        3,
        3,
        0,
        1,
        1,
        3,
        5,
        5,
        5,
        2,
        1,
        3,
        5,
        5,
        0,
        5,
        3,
        3,
        5,
        3,
        1,
        0,
        1,
        3,
        5,
        3,
        1,
        1,
        3,
        3,
        1,
        1,
        1,
        3,
        1,
        1,
        1,
        3,
        1,
        3,
        1,
        1,
        3,
        1,
        1,
        3,
        1,
        3,
        3,
        2,
        3,
        1,
        3,
        1,
        1,
        1,
        1,
        3,
        1,
        1,
        1,
        1,
        1,
        2,
        3,
        1,
        1,
        1,
        1,
        3,
        0,
        1,
        1,
        1,
        1,
        1,
        1,
        1,
        1,
        3,
        1,
        3,
        3,
        3,
        1,
        1,
        1,
        1,
        1,
        1,
        3,
        1,
        0,
        3,
        1,
        1,
        1,
        1,
        3,
        1,
        1,
        3,
        1,
        1,
        0,
        3,
        1,
        3,
        1,
        2,
        1,
        1,
        1,
        3,
        1,
        3,
        0,
        1,
        1,
        1,
        3,
        3,
        1,
        1,
        2,
        3
      ]
    },
    "8": {
      "n_evaluated": 45,
      "purity": 0.6444444444444445,
      "nmi": 0.23097345343480846,
      "ari": -0.05761602538675129,