{
  "model": "allenai/OLMoE-1B-7B-0924",
  "revision": "step25000-tokens104B",
  "n_layer": 16,
  "n_head": 16,
  "n_examples": 2000,
  "ising_norm": 15.117699004833902,
  "eig_info": {
    "top_eigenvalues": [
      11.701148226069098,
      1.927447139928804,
      1.339598226369101,
      1.2628700596392277,
      1.233375444979487,
      1.1862773710074823,
      1.162298177823498,
      1.0818741882296554,
      1.0291153080538418,
      1.014503089726878,
      1.0057157093898335,
      0.9662547202952586,
      0.9398789791219833,
      0.925060350859525,
      0.908731404058358
    ],
    "top_gaps": [
      9.773701086140294,
      0.5878489135597029,
      0.07672816672987337,
      0.029494614659740792,
      0.047098073972004606,
      0.023979193183984338,
      0.08042398959384256,
      0.05275888017581365,
      0.014612218326963688,
      0.008787380337044626,
      0.03946098909457485,
      0.026375741173275347,
      0.014818628262458278,
      0.016328946801167032,
      0.0022192112932835073
    ],
    "argmax_gap_below_15": 1
  },
  "metrics_by_k": {
    "4": {
      "n_evaluated": 45,
      "purity": 0.6666666666666666,
      "nmi": 0.2801897697978448,
      "ari": -0.0312063344201211,
      "labels": [
        0,
        2,
        2,
        2,
        2,
        2,
        2,
        2,
        0,
        2,
        2,
        0,
        2,
        0,
        2,
        2,
        2,
        0,
        2,
        0,
        1,
        0,
        0,
        0,
        0,
        0,
        0,
        2,
        0,
        2,
        2,
        0,
        0,
        0,
        0,
        1,
        0,
        2,
        0,
        0,
        0,
        0,
        0,
        2,
        3,
        2,
        0,
        3,
        2,
        3,
        2,
        0,
        0,
        1,
        0,
        3,
        0,
        0,
        0,
        0,
        1,
        0,
        2,
        1,
        1,
        3,
        0,
        0,
        0,
        1,
        1,
        0,
        2,
        0,
        1,
        1,
        1,
        1,
        1,
        1,
        0,
        0,
        1,
        1,
        1,
        0,
        1,
        1,
        1,
        1,
        1,
        1,
        0,
        1,
        1,
        1,
        0,
        1,
        1,
        1,
        0,
        1,
        2,
        1,
        0,
        1,
        1,
        1,
        1,
        1,
        1,
        1,
        1,
        1,
        3,
        3,
        1,
        0,
        3,
        1,
        1,
        0,
        1,
        1,
        0,
        1,
        1,
        1,
        1,
        1,
        3,
        1,
        1,
        3,
        1,
        1,
        3,
        1,
        0,
        3,
        1,
        0,
        1,
        1,
        3,
        3,
        3,
        0,
        1,
        3,
        3,
        0,
        3,
        3,
        3,
        1,
        1,
        3,
        3,
        1,
        1,
        3,
        3,
        1,
        1,
        3,
        1,
        3,
        1,
        3,
        1,
        1,
        1,
        3,
        1,
        1,
        3,
        3,
        3,
        3,
        3,
        1,
        3,
        1,
        3,
        0,
        0,
        0,
        3,
        3,
        3,
        3,
        0,
        0,
        1,
        3,
        3,
        1,
        3,
        1,
        2,
        1,
        3,
        1,
        3,
        3,
        3,
        3,
        3,
        1,
        1,
        3,
        3,
        3,
        1,
        1,
        3,
        2,
        3,
        3,
        3,
        2,
        2,
        1,
        3,
        3,
        3,
        1,
        3,
        3,
        1,
        2,
        3,
        3,
        1,
        3,
        1,
        3,
        3,
        0,
        1,
        3,
        3,
        1,
        0,
        3,
        1,
        1,
        3,
        3,
        1,
        2,
        3,
        1,
        1,
        3
      ]
    },
    "6": {
      "n_evaluated": 45,
      "purity": 0.6666666666666666,
      "nmi": 0.2518827373216742,
      "ari": -0.0783583825787539,
      "labels": [
        1,
        2,
        2,
        2,
        2,
        2,
        2,
        2,
        1,
        2,
        2,
        0,
        5,
        0,
        2,
        2,
        2,
        0,
        2,
        0,
        1,
        0,
        0,
        0,
        0,
        0,
        0,
        2,
        0,
        2,
        2,
        0,
        0,
        0,
        1,
        4,
        0,
        2,
        0,
        0,
        0,
        0,
        0,
        2,
        5,
        4,
        0,
        2,
        2,
        2,
        2,
        0,
        0,
        1,
        1,
        3,
        0,
        0,
        0,
        0,
        5,
        0,
        2,
        1,
        1,
        5,
        0,
        1,
        0,
        5,
        1,
        0,
        5,
        0,
        0,
        0,
        5,
        1,
        4,
        4,
        0,
        0,
        1,
        5,
        4,
        0,
        1,
        5,
        1,
        5,
        1,
        1,
        1,
        5,
        1,
        1,
        0,
        1,
        1,
        5,
        0,
        5,
        2,
        5,
        0,
        1,
        4,
        5,
        5,
        5,
        4,
        1,
        1,
        5,
        3,
        5,
        1,
        0,
        5,
        4,
        5,
        0,
        4,
        1,
        0,
        1,
        4,
        1,
        4,
        5,
        5,
        1,
        0,
        3,
        4,
        5,
        3,
        5,
        0,
        5,
        4,
        0,
        1,
        5,
        5,
        3,
        5,
        0,
        5,
        3,
        3,
        0,
        3,
        3,
        5,
        5,
        5,
        3,
        5,
        4,
        5,
        5,
        4,
        5,
        5,
        3,
        5,
        4,
        5,
        4,
        4,
        5,
        4,
        4,
        5,
        0,
        3,
        4,
        0,
        3,
        0,
        4,
        0,
        4,
        3,
        0,
        0,
        0,
        3,
        5,
        3,
        3,
        0,
        0,
        4,
        3,
        4,
        4,
        3,
        1,
        4,
        4,
        3,
        4,
        3,
        5,
        3,
        3,
        5,
        4,
        4,
        3,
        3,
        4,
        4,
        4,
        3,
        2,
        3,
        3,
        4,
        4,
        5,
        1,
        5,
        3,
        3,
        4,
        4,
        5,
        4,
        2,
        3,
        3,
        1,
        3,
        4,
        4,
        3,
        0,
        5,
        3,
        3,
        4,
        0,
        4,
        1,
        5,
        3,
        4,
        4,
        4,
        3,
        4,
        4,
        4
      ]
    },
    "8": {
      "n_evaluated": 45,
      "purity": 0.6888888888888889,
      "nmi": 0.2676795690428987,
      "ari": -0.07498197548666186,