{
  "model": "allenai/OLMoE-1B-7B-0924",
  "revision": "step50000-tokens209B",
  "n_layer": 16,
  "n_head": 16,
  "n_examples": 2000,
  "ising_norm": 15.792166005023534,
  "eig_info": {
    "top_eigenvalues": [
      12.20575450763127,
      2.2226796437823495,
      1.532274832251316,
      1.3632126241756457,
      1.3386026497564174,
      1.225329190057401,
      1.2044021750271692,
      1.1689236004347667,
      1.106961411194467,
      1.0564514818219914,
      1.0246101140663544,
      1.0080658419226038,
      0.9751134651949699,
      0.9660038265007443,
      0.9471752817703991
    ],
    "top_gaps": [
      9.98307486384892,
      0.6904048115310335,
      0.1690622080756703,
      0.024609974419228298,
      0.11327345969901637,
      0.020927015030231866,
      0.035478574592402445,
      0.061962189240299725,
      0.05050992937247556,
      0.03184136775563706,
      0.016544272143750538,
      0.03295237672763396,
      0.009109638694225541,
      0.01882854473034523,
      0.03202163047767104
    ],
    "argmax_gap_below_15": 1
  },
  "metrics_by_k": {
    "4": {
      "n_evaluated": 45,
      "purity": 0.6888888888888889,
      "nmi": 0.27686756015239833,
      "ari": 0.018665291000328283,
      "labels": [
        0,
        2,
        2,
        2,
        0,
        2,
        0,
        2,
        0,
        0,
        2,
        2,
        2,
        2,
        2,
        2,
        0,
        0,
        0,
        0,
        3,
        0,
        0,
        0,
        0,
        0,
        2,
        2,
        0,
        0,
        2,
        0,
        0,
        0,
        2,
        0,
        2,
        0,
        0,
        0,
        0,
        0,
        1,
        2,
        0,
        0,
        0,
        0,
        0,
        0,
        0,
        0,
        0,
        3,
        1,
        1,
        0,
        0,
        0,
        0,
        0,
        1,
        0,
        3,
        0,
        0,
        0,
        1,
        0,
        1,
        0,
        1,
        0,
        0,
        0,
        1,
        0,
        0,
        0,
        0,
        3,
        0,
        3,
        3,
        0,
        0,
        0,
        0,
        0,
        3,
        3,
        0,
        0,
        0,
        3,
        1,
        0,
        3,
        0,
        3,
        1,
        3,
        0,
        3,
        0,
        3,
        3,
        3,
        3,
        3,
        3,
        0,
        3,
        3,
        3,
        3,
        3,
        3,
        3,
        3,
        3,
        3,
        3,
        3,
        0,
        3,
        0,
        3,
        3,
        3,
        1,
        3,
        3,
        3,
        3,
        1,
        3,
        3,
        0,
        3,
        3,
        0,
        0,
        3,
        3,
        3,
        3,
        0,
        3,
        3,
        3,
        0,
        3,
        1,
        3,
        3,
        3,
        1,
        3,
        1,
        3,
        1,
        3,
        3,
        1,
        3,
        3,
        3,
        3,
        3,
        3,
        0,
        3,
        0,
        1,
        1,
        1,
        1,
        1,
        1,
        3,
        3,
        1,
        3,
        1,
        1,
        1,
        0,
        1,
        3,
        1,
        1,
        1,
        3,
        3,
        1,
        3,
        3,
        1,
        3,
        3,
        3,
        1,
        3,
        1,
        3,
        1,
        3,
        3,
        3,
        3,
        1,
        1,
        3,
        3,
        3,
        1,
        3,
        1,
        1,
        3,
        3,
        3,
        3,
        3,
        1,
        1,
        3,
        3,
        3,
        3,
        3,
        1,
        1,
        1,
        1,
        3,
        3,
        1,
        3,
        1,
        1,
        3,
        3,
        3,
        3,
        0,
        3,
        1,
        1,
        3,
        3,
        1,
        3,
        2,
        1
      ]
    },
    "6": {
      "n_evaluated": 45,
      "purity": 0.6888888888888889,
      "nmi": 0.28299694166164696,
      "ari": 0.0026980150317980345,
      "labels": [
        4,
        2,
        2,
        2,
        3,
        0,
        3,
        2,
        3,
        2,
        2,
        2,
        2,
        2,
        2,
        2,
        4,
        4,
        4,
        4,
        2,
        4,
        4,
        4,
        3,
        4,
        2,
        2,
        5,
        3,
        2,
        4,
        4,
        4,
        2,
        4,
        2,
        4,
        4,
        4,
        4,
        4,
        5,
        2,
        4,
        5,
        4,
        5,
        4,
        4,
        3,
        4,
        4,
        5,
        5,
        5,
        4,
        4,
        4,
        4,
        5,
        5,
        3,
        5,
        4,
        5,
        4,
        5,
        4,
        5,
        4,
        5,
        3,
        4,
        4,
        5,
        3,
        5,
        5,
        4,
        3,
        4,
        3,
        3,
        3,
        5,
        5,
        5,
        3,
        5,
        5,
        5,
        4,
        3,
        3,
        1,
        5,
        5,
        3,
        5,
        5,
        3,
        4,
        3,
        5,
        3,
        3,
        3,
        3,
        3,
        3,
        3,
        5,
        3,
        5,
        3,
        5,
        0,
        0,
        0,
        3,
        0,
        3,
        5,
        4,
        3,
        4,
        5,
        0,
        5,
        5,
        3,
        0,
        0,
        0,
        3,
        3,
        5,
        4,
        0,
        5,
        4,
        4,
        5,
        3,
        3,
        3,
        5,
        3,
        3,
        3,
        4,
        5,
        5,
        5,
        3,
        5,
        5,
        3,
        1,
        0,
        0,
        5,
        5,
        1,
        0,
        0,
        5,
        0,
        0,
        5,
        3,
        0,
        3,
        5,
        1,
        1,
        5,
        1,
        1,
        0,
        0,
        5,
        0,
        1,
        5,
        5,
        4,
        1,
        0,
        1,
        1,
        5,
        5,
        0,
        1,
        0,
        5,
        1,
        0,
        0,
        5,
        1,
        0,
        1,
        5,
        1,
        1,
        0,
        0,
        0,
        1,
        1,
        0,
        0,
        0,
        1,
        0,
        1,
        1,
        5,
        0,
        0,
        0,
        0,
        1,
        1,
        0,
        1,
        0,
        0,
        0,
        1,
        1,
        1,
        1,
        0,
        0,
        1,
        0,
        1,
        1,
        5,
        0,
        5,
        0,
        4,
        0,
        1,
        1,
        0,
        0,
        1,
        0,
        2,
        0
      ]
    },
    "8": {
      "n_evaluated": 45,
      "purity": 0.6666666666666666,
      "nmi": 0.220099589441622,
      "ari": -0.03374489645334251,