{
  "model": "allenai/OLMoE-1B-7B-0924",
  "revision": "step400000-tokens1677B",
  "n_layer": 16,
  "n_head": 16,
  "n_examples": 2000,
  "ising_norm": 89.03852717892474,
  "eig_info": {
    "top_eigenvalues": [
      63.48074388677523,
      22.562792822378118,
      3.399141076548519,
      2.5644655276694897,
      1.7262397988817064,
      1.6387196079589517,
      1.518403593339401,
      1.443567690562163,
      1.4119258711825573,
      1.2954090958805762,
      1.2551597346008527,
      1.2031974388486157,
      1.1923747797556647,
      1.1678597558463422,
      1.1349015810797225
    ],
    "top_gaps": [
      40.917951064397116,
      19.163651745829597,
      0.8346755488790292,
      0.8382257287877832,
      0.08752019092275476,
      0.12031601461955077,
      0.07483590277723784,
      0.03164181937960575,
      0.11651677530198112,
      0.04024936127972345,
      0.05196229575223699,
      0.010822659092950992,
      0.024515023909322586,
      0.03295817476661966,
      0.01963126953296257
    ],
    "argmax_gap_below_15": 1
  },
  "metrics_by_k": {
    "4": {
      "n_evaluated": 45,
      "purity": 0.6222222222222222,
      "nmi": 0.07465832305780207,
      "ari": 0.02646768970857384,
      "labels": [
        1,
        0,
        2,
        1,
        0,
        0,
        1,
        2,
        2,
        2,
        0,
        0,
        0,
        2,
        1,
        0,
        0,
        1,
        2,
        1,
        0,
        1,
        1,
        0,
        1,
        0,
        1,
        2,
        0,
        1,
        1,
        2,
        1,
        2,
        0,
        2,
        1,
        0,
        0,
        0,
        1,
        3,
        0,
        0,
        0,
        2,
        1,
        1,
        0,
        0,
        1,
        1,
        1,
        2,
        1,
        0,
        0,
        0,
        1,
        1,
        1,
        2,
        1,
        2,
        0,
        1,
        1,
        0,
        1,
        1,
        2,
        1,
        1,
        0,
        1,
        1,
        1,
        2,
        1,
        2,
        1,
        1,
        1,
        1,
        1,
        1,
        1,
        1,
        1,
        0,
        1,
        1,
        1,
        1,
        1,
        1,
        2,
        1,
        1,
        1,
        1,
        0,
        0,
        1,
        0,
        1,
        2,
        0,
        1,
        1,
        1,
        1,
        1,
        1,
        1,
        2,
        1,
        1,
        2,
        0,
        1,
        0,
        0,
        1,
        0,
        3,
        0,
        1,
        0,
        0,
        0,
        2,
        2,
        0,
        3,
        0,
        2,
        0,
        0,
        0,
        3,
        0,
        1,
        0,
        0,
        1,
        2,
        0,
        0,
        2,
        2,
        2,
        3,
        2,
        2,
        0,
        1,
        2,
        0,
        1,
        0,
        1,
        0,
        1,
        2,
        2,
        0,
        1,
        1,
        1,
        2,
        1,
        1,
        1,
        2,
        2,
        3,
        3,
        1,
        0,
        1,
        1,
        2,
        2,
        2,
        0,
        1,
        1,
        3,
        2,
        0,
        0,
        0,
        1,
        2,
        2,
        2,
        3,
        0,
        3,
        2,
        3,
        3,
        3,
        3,
        3,
        3,
        3,
        2,
        3,
        3,
        3,
        3,
        3,
        0,
        2,
        3,
        2,
        3,
        3,
        3,
        1,
        1,
        3,
        0,
        0,
        3,
        2,
        2,
        2,
        3,
        1,
        3,
        2,
        0,
        2,
        3,
        1,
        3,
        0,
        0,
        1,
        3,
        2,
        2,
        2,
        2,
        0,
        3,
        3,
        0,
        0,
        3,
        0,
        2,
        2
      ]
    },
    "6": {
      "n_evaluated": 45,
      "purity": 0.6444444444444445,
      "nmi": 0.2665244710345233,
      "ari": 0.03199606202313562,
      "labels": [
        4,
        2,
        1,
        4,
        2,
        2,
        2,
        4,
        1,
        2,
        2,
        2,
        2,
        1,
        4,
        0,
        2,
        2,
        2,
        2,
        0,
        2,
        4,
        2,
        2,
        2,
        3,
        2,
        0,
        2,
        4,
        1,
        2,
        3,
        2,
        2,
        2,
        2,
        2,
        2,
        2,
        2,
        0,
        2,
        2,
        2,
        2,
        2,
        2,
        2,
        3,
        3,
        3,
        1,
        3,
        0,
        2,
        2,
        2,
        3,
        2,
        1,
        3,
        1,
        2,
        3,
        3,
        0,
        4,
        3,
        2,
        3,
        2,
        0,
        4,
        3,
        3,
        3,
        3,
        3,
        3,
        3,
        3,
        3,
        3,
        2,
        3,
        3,
        4,
        0,
        3,
        4,
        3,
        3,
        0,
        3,
        1,
        3,
        3,
        3,
        3,
        3,
        2,
        3,
        0,
        4,
        1,
        0,
        3,
        3,
        3,
        4,
        4,
        3,
        3,
        3,
        4,
        3,
        1,
        0,
        4,
        0,
        0,
        4,
        0,
        3,
        0,
        4,
        0,
        0,
        0,
        0,
        3,
        0,
        0,
        0,
        1,
        3,
        0,
        0,
        1,
        0,
        4,
        0,
        0,
        3,
        1,
        0,
        0,
        1,
        1,
        1,
        5,
        3,
        1,
        0,
        3,
        3,
        0,
        4,
        0,
        4,
        4,
        4,
        1,
        1,
        0,
        4,
        4,
        3,
        4,
        3,
        3,
        4,
        1,
        1,
        4,
        5,
        4,
        0,
        3,
        3,
        1,
        1,
        1,
        0,
        3,
        3,
        4,
        1,
        0,
        0,
        4,
        3,
        1,
        1,
        1,
        5,
        1,
        5,
        1,
        5,
        5,
        4,
        5,
        5,
        5,
        4,
        1,
        5,
        5,
        5,
        5,
        5,
        1,
        1,
        5,
        1,
        5,
        5,
        1,
        3,
        4,
        3,
        0,
        1,
        4,
        4,
        1,
        1,
        1,
        4,
        5,
        4,
        0,
        4,
        5,
        4,
        5,
        0,
        2,
        4,
        5,
        1,
        1,
        1,
        1,
        1,
        5,
        5,
        0,
        0,
        5,
        4,
        2,
        1
      ]
    },
    "8": {
      "n_evaluated": 45,
      "purity": 0.6444444444444445,
      "nmi": 0.29917431979536085,
      "ari": 0.04699475594997983,