{
  "model": "allenai/OLMoE-1B-7B-0924",
  "revision": "step100000-tokens419B",
  "n_layer": 16,
  "n_head": 16,
  "n_examples": 2000,
  "ising_norm": 17.819998305100334,
  "eig_info": {
    "top_eigenvalues": [
      13.879280189849675,
      2.7854032797008594,
      1.806294091725507,
      1.5590455806224697,
      1.4462184854740034,
      1.3531144275057085,
      1.2863439616095937,
      1.257540058622982,
      1.1932477648170337,
      1.128256637014703,
      1.0965701718022267,
      1.059555826880295,
      1.030511239143526,
      1.012787775114804,
      0.9760313085523065
    ],
    "top_gaps": [
      11.093876910148815,
      0.9791091879753524,
      0.24724851110303736,
      0.11282709514846623,
      0.0931040579682949,
      0.0667704658961148,
      0.02880390298661184,
      0.06429229380594825,
      0.06499112780233074,
      0.0316864652124762,
      0.037014344921931785,
      0.02904458773676888,
      0.017723464028722047,
      0.036756466562497536,
      0.011144555941548395
    ],
    "argmax_gap_below_15": 1
  },
  "metrics_by_k": {
    "4": {
      "n_evaluated": 45,
      "purity": 0.6666666666666666,
      "nmi": 0.2589806698834699,
      "ari": 0.05384834934830178,
      "labels": [
        0,
        2,
        2,
        0,
        0,
        2,
        0,
        0,
        0,
        2,
        0,
        0,
        2,
        0,
        0,
        0,
        2,
        2,
        0,
        2,
        3,
        2,
        2,
        2,
        0,
        2,
        1,
        2,
        0,
        0,
        0,
        2,
        1,
        2,
        2,
        1,
        2,
        2,
        2,
        2,
        2,
        2,
        2,
        2,
        2,
        2,
        2,
        2,
        2,
        1,
        1,
        1,
        2,
        1,
        1,
        2,
        2,
        1,
        2,
        1,
        3,
        1,
        3,
        3,
        1,
        1,
        1,
        1,
        2,
        1,
        2,
        1,
        1,
        1,
        1,
        1,
        1,
        3,
        1,
        3,
        1,
        1,
        3,
        3,
        0,
        2,
        1,
        1,
        1,
        1,
        3,
        1,
        1,
        0,
        1,
        1,
        0,
        1,
        1,
        1,
        1,
        1,
        2,
        3,
        1,
        2,
        0,
        1,
        1,
        1,
        1,
        0,
        3,
        3,
        1,
        1,
        1,
        1,
        3,
        1,
        1,
        1,
        0,
        1,
        1,
        1,
        3,
        3,
        1,
        1,
        1,
        0,
        1,
        3,
        1,
        3,
        3,
        1,
        1,
        1,
        1,
        0,
        1,
        1,
        1,
        1,
        3,
        0,
        1,
        0,
        0,
        1,
        0,
        3,
        3,
        1,
        0,
        3,
        1,
        1,
        0,
        3,
        1,
        1,
        1,
        3,
        1,
        3,
        3,
        1,
        1,
        1,
        1,
        1,
        1,
        1,
        1,
        3,
        1,
        3,
        1,
        3,
        1,
        1,
        0,
        0,
        3,
        1,
        3,
        1,
        3,
        0,
        0,
        3,
        0,
        3,
        3,
        0,
        3,
        3,
        1,
        1,
        3,
        0,
        3,
        0,
        3,
        3,
        3,
        3,
        3,
        3,
        3,
        0,
        3,
        1,
        3,
        3,
        0,
        3,
        0,
        0,
        0,
        1,
        1,
        3,
        1,
        3,
        3,
        1,
        1,
        1,
        3,
        3,
        0,
        3,
        1,
        3,
        3,
        0,
        1,
        3,
        3,
        1,
        1,
        0,
        0,
        1,
        3,
        3,
        1,
        1,
        3,
        3,
        0,
        0
      ]
    },
    "6": {
      "n_evaluated": 45,
      "purity": 0.6444444444444445,
      "nmi": 0.20377037834744824,
      "ari": 0.006002907658397036,
      "labels": [
        2,
        5,
        2,
        0,
        2,
        2,
        2,
        2,
        0,
        2,
        2,
        2,
        2,
        2,
        3,
        2,
        5,
        5,
        2,
        5,
        1,
        5,
        2,
        5,
        0,
        2,
        5,
        2,
        0,
        2,
        2,
        2,
        4,
        2,
        5,
        4,
        5,
        2,
        5,
        5,
        5,
        5,
        2,
        2,
        2,
        2,
        2,
        2,
        5,
        1,
        4,
        5,
        5,
        1,
        5,
        5,
        5,
        5,
        5,
        5,
        5,
        0,
        3,
        1,
        1,
        1,
        5,
        4,
        5,
        1,
        2,
        5,
        1,
        1,
        5,
        1,
        5,
        1,
        5,
        3,
        4,
        1,
        1,
        3,
        1,
        5,
        1,
        5,
        5,
        4,
        3,
        5,
        1,
        4,
        1,
        1,
        0,
        1,
        5,
        1,
        1,
        1,
        5,
        4,
        5,
        5,
        4,
        1,
        1,
        1,
        1,
        4,
        3,
        1,
        4,
        1,
        1,
        0,
        4,
        0,
        1,
        5,
        4,
        1,
        1,
        4,
        1,
        3,
        4,
        4,
        4,
        4,
        1,
        4,
        4,
        1,
        4,
        4,
        5,
        5,
        4,
        0,
        4,
        4,
        4,
        1,
        1,
        0,
        4,
        4,
        0,
        0,
        1,
        4,
        3,
        4,
        0,
        4,
        4,
        5,
        4,
        4,
        0,
        4,
        4,
        3,
        4,
        3,
        3,
        0,
        5,
        5,
        4,
        0,
        4,
        1,
        0,
        4,
        0,
        4,
        0,
        4,
        0,
        4,
        0,
        1,
        3,
        5,
        3,
        4,
        4,
        0,
        0,
        3,
        1,
        3,
        3,
        1,
        3,
        4,
        0,
        4,
        0,
        4,
        3,
        4,
        3,
        3,
        3,
        3,
        3,
        3,
        3,
        4,
        4,
        4,
        3,
        4,
        4,
        3,
        0,
        0,
        4,
        0,
        4,
        3,
        5,
        3,
        3,
        5,
        4,
        0,
        3,
        3,
        0,
        3,
        4,
        0,
        3,
        0,
        4,
        3,
        3,
        0,
        0,
        0,
        4,
        0,
        3,
        3,
        0,
        0,
        3,
        0,
        2,
        0
      ]
    },
    "8": {
      "n_evaluated": 45,
      "purity": 0.6222222222222222,
      "nmi": 0.20284258543168981,
      "ari": -0.05575120281732057,