{
  "model": "allenai/OLMoE-1B-7B-0924",
  "revision": "step200000-tokens838B",
  "n_layer": 16,
  "n_head": 16,
  "n_examples": 2000,
  "ising_norm": 69.87184407955807,
  "eig_info": {
    "top_eigenvalues": [
      54.55255934243397,
      13.224808819490036,
      3.2774957744636253,
      2.1605276389426034,
      1.9979899525272382,
      1.6622825574171756,
      1.5184828447347452,
      1.4361877701491763,
      1.3744062323787394,
      1.3397887490176557,
      1.2775747239876691,
      1.2129952723358808,
      1.1718276484177703,
      1.1596914473845163,
      1.1432289327852947
    ],
    "top_gaps": [
      41.32775052294394,
      9.94731304502641,
      1.116968135521022,
      0.16253768641536515,
      0.33570739511006265,
      0.14379971268243041,
      0.08229507458556884,
      0.061781537770436934,
      0.03461748336108372,
      0.06221402502998652,
      0.06457945165178836,
      0.04116762391811046,
      0.012136201033253968,
      0.016462514599221656,
      0.03400076729506507
    ],
    "argmax_gap_below_15": 1
  },
  "metrics_by_k": {
    "4": {
      "n_evaluated": 45,
      "purity": 0.6222222222222222,
      "nmi": 0.1844857895385522,
      "ari": -0.08592788871013533,
      "labels": [
        1,
        0,
        2,
        2,
        2,
        1,
        0,
        1,
        1,
        2,
        2,
        2,
        2,
        2,
        0,
        0,
        2,
        1,
        2,
        2,
        0,
        2,
        2,
        2,
        2,
        2,
        2,
        2,
        2,
        2,
        2,
        2,
        2,
        2,
        2,
        0,
        2,
        2,
        2,
        2,
        2,
        2,
        2,
        2,
        2,
        2,
        2,
        2,
        2,
        0,
        2,
        2,
        2,
        0,
        2,
        2,
        2,
        0,
        2,
        0,
        3,
        2,
        2,
        2,
        0,
        2,
        3,
        2,
        2,
        2,
        2,
        0,
        1,
        2,
        2,
        2,
        3,
        2,
        0,
        2,
        0,
        3,
        3,
        1,
        2,
        0,
        2,
        0,
        1,
        0,
        2,
        1,
        3,
        2,
        1,
        3,
        2,
        1,
        1,
        3,
        2,
        1,
        0,
        1,
        3,
        3,
        2,
        1,
        0,
        3,
        3,
        1,
        1,
        0,
        0,
        3,
        2,
        1,
        3,
        3,
        0,
        0,
        1,
        3,
        0,
        3,
        3,
        0,
        3,
        1,
        1,
        3,
        3,
        0,
        3,
        1,
        0,
        0,
        2,
        0,
        0,
        3,
        1,
        0,
        3,
        3,
        3,
        0,
        3,
        3,
        1,
        1,
        1,
        1,
        1,
        2,
        0,
        3,
        3,
        3,
        3,
        0,
        3,
        1,
        1,
        1,
        1,
        3,
        0,
        1,
        3,
        3,
        3,
        0,
        0,
        1,
        3,
        3,
        1,
        0,
        0,
        3,
        3,
        3,
        0,
        1,
        0,
        2,
        1,
        3,
        3,
        3,
        0,
        3,
        1,
        3,
        3,
        3,
        3,
        3,
        0,
        3,
        1,
        3,
        1,
        3,
        0,
        3,
        1,
        3,
        3,
        0,
        3,
        3,
        1,
        3,
        1,
        3,
        0,
        1,
        3,
        1,
        3,
        1,
        3,
        0,
        3,
        1,
        3,
        3,
        3,
        3,
        3,
        0,
        0,
        1,
        0,
        1,
        0,
        3,
        0,
        0,
        3,
        1,
        3,
        3,
        0,
        2,
        3,
        3,
        3,
        0,
        3,
        3,
        0,
        3
      ]
    },
    "6": {
      "n_evaluated": 45,
      "purity": 0.6888888888888889,
      "nmi": 0.2585202551317473,
      "ari": 0.001672487579320183,
      "labels": [
        1,
        4,
        2,
        2,
        3,
        3,
        4,
        1,
        1,
        2,
        2,
        2,
        2,
        2,
        4,
        4,
        2,
        0,
        2,
        2,
        4,
        2,
        2,
        4,
        3,
        4,
        4,
        2,
        2,
        2,
        2,
        2,
        2,
        0,
        2,
        4,
        2,
        4,
        2,
        2,
        4,
        2,
        4,
        2,
        2,
        2,
        2,
        2,
        4,
        4,
        2,
        2,
        0,
        4,
        2,
        2,
        4,
        4,
        2,
        4,
        0,
        2,
        2,
        2,
        0,
        0,
        3,
        2,
        4,
        0,
        2,
        4,
        0,
        2,
        4,
        0,
        5,
        0,
        4,
        4,
        4,
        0,
        0,
        1,
        0,
        4,
        0,
        4,
        1,
        4,
        3,
        1,
        0,
        4,
        1,
        0,
        0,
        1,
        0,
        0,
        0,
        0,
        4,
        0,
        0,
        0,
        2,
        1,
        4,
        0,
        0,
        1,
        1,
        0,
        0,
        0,
        3,
        1,
        0,
        0,
        4,
        4,
        1,
        0,
        0,
        3,
        0,
        4,
        3,
        1,
        1,
        0,
        3,
        4,
        3,
        0,
        4,
        0,
        4,
        0,
        0,
        0,
        1,
        0,
        0,
        5,
        0,
        4,
        3,
        0,
        1,
        1,
        1,
        3,
        1,
        0,
        0,
        3,
        3,
        0,
        5,
        4,
        3,
        1,
        1,
        1,
        1,
        3,
        5,
        1,
        0,
        3,
        3,
        4,
        4,
        1,
        3,
        3,
        1,
        4,
        4,
        3,
        0,
        5,
        4,
        5,
        5,
        0,
        3,
        0,
        3,
        5,
        5,
        5,
        1,
        3,
        5,
        5,
        3,
        5,
        5,
        3,
        5,
        5,
        1,
        0,
        3,
        3,
        1,
        5,
        5,
        3,
        3,
        5,
        1,
        5,
        3,
        3,
        3,
        1,
        5,
        1,
        1,
        5,
        5,
        3,
        3,
        5,
        5,
        5,
        5,
        5,
        3,
        3,
        5,
        3,
        5,
        1,
        4,
        5,
        4,
        3,
        3,
        5,
        5,
        5,
        4,
        2,
        3,
        5,
        5,
        5,
        3,
        5,
        4,
        5
      ]
    },
    "8": {
      "n_evaluated": 45,
      "purity": 0.6666666666666666,
      "nmi": 0.21754607885750002,
      "ari": -0.009672915835660151,