{
  "model": "allenai/OLMoE-1B-7B-0924",
  "revision": "step600000-tokens2516B",
  "n_layer": 16,
  "n_head": 16,
  "n_examples": 2000,
  "ising_norm": 47.37487432303421,
  "eig_info": {
    "top_eigenvalues": [
      37.900173707325266,
      7.044101026860452,
      4.404413584321167,
      2.571704568138545,
      2.0675362481565056,
      1.7331942565075702,
      1.5997106399812993,
      1.5318678245963846,
      1.410252609816456,
      1.3631658469772512,
      1.3300132988621656,
      1.2173401799447807,
      1.2057624487043948,
      1.1755373570767953,
      1.1472604740162413
    ],
    "top_gaps": [
      30.856072680464813,
      2.6396874425392847,
      1.8327090161826223,
      0.5041683199820395,
      0.3343419916489354,
      0.13348361652627094,
      0.06784281538491466,
      0.12161521477992854,
      0.047086762839204876,
      0.03315254811508561,
      0.11267311891738485,
      0.011577731240385969,
      0.030225091627599454,
      0.02827688306055398,
      0.013835201494512672
    ],
    "argmax_gap_below_15": 1
  },
  "metrics_by_k": {
    "4": {
      "n_evaluated": 45,
      "purity": 0.6222222222222222,
      "nmi": 0.112893286550645,
      "ari": -0.017643045131104398,
      "labels": [
        3,
        1,
        2,
        2,
        3,
        3,
        2,
        2,
        2,
        2,
        2,
        2,
        2,
        2,
        1,
        1,
        3,
        1,
        2,
        2,
        2,
        2,
        2,
        2,
        3,
        2,
        3,
        2,
        3,
        2,
        2,
        3,
        2,
        2,
        2,
        1,
        2,
        2,
        3,
        1,
        1,
        2,
        1,
        2,
        2,
        2,
        3,
        1,
        2,
        1,
        3,
        2,
        1,
        1,
        3,
        1,
        2,
        2,
        2,
        0,
        1,
        1,
        3,
        2,
        0,
        3,
        2,
        0,
        2,
        2,
        2,
        3,
        3,
        2,
        3,
        0,
        3,
        1,
        2,
        1,
        3,
        1,
        1,
        1,
        2,
        2,
        1,
        2,
        2,
        1,
        3,
        3,
        2,
        1,
        1,
        1,
        2,
        0,
        0,
        0,
        3,
        1,
        1,
        1,
        2,
        1,
        2,
        1,
        1,
        1,
        0,
        3,
        3,
        1,
        0,
        0,
        0,
        2,
        0,
        1,
        0,
        1,
        3,
        0,
        3,
        0,
        0,
        0,
        0,
        0,
        0,
        1,
        0,
        0,
        0,
        3,
        0,
        0,
        3,
        3,
        2,
        0,
        2,
        0,
        0,
        0,
        0,
        2,
        0,
        0,
        3,
        1,
        0,
        0,
        3,
        0,
        1,
        0,
        0,
        0,
        0,
        3,
        1,
        3,
        0,
        0,
        0,
        0,
        0,
        1,
        0,
        0,
        0,
        3,
        1,
        3,
        0,
        3,
        1,
        3,
        0,
        0,
        3,
        0,
        1,
        1,
        1,
        3,
        0,
        0,
        1,
        0,
        3,
        0,
        0,
        0,
        0,
        0,
        0,
        0,
        1,
        3,
        0,
        3,
        1,
        0,
        3,
        0,
        0,
        0,
        0,
        0,
        0,
        0,
        0,
        3,
        0,
        0,
        0,
        0,
        0,
        3,
        0,
        1,
        0,
        0,
        0,
        0,
        0,
        0,
        0,
        2,
        0,
        0,
        1,
        1,
        1,
        0,
        0,
        3,
        2,
        0,
        3,
        1,
        2,
        3,
        1,
        0,
        0,
        0,
        0,
        0,
        0,
        0,
        3,
        3
      ]
    },
    "6": {
      "n_evaluated": 45,
      "purity": 0.6222222222222222,
      "nmi": 0.18050398789045063,
      "ari": -0.028789161727349702,
      "labels": [
        3,
        4,
        4,
        4,
        3,
        4,
        4,
        3,
        3,
        4,
        4,
        4,
        2,
        3,
        4,
        4,
        4,
        2,
        4,
        2,
        4,
        2,
        4,
        2,
        3,
        4,
        3,
        3,
        3,
        4,
        3,
        3,
        2,
        4,
        4,
        2,
        4,
        2,
        2,
        2,
        4,
        4,
        4,
        4,
        2,
        2,
        2,
        4,
        2,
        2,
        3,
        2,
        2,
        2,
        2,
        2,
        4,
        4,
        2,
        5,
        2,
        2,
        3,
        4,
        3,
        3,
        5,
        5,
        2,
        2,
        2,
        3,
        3,
        3,
        3,
        5,
        3,
        5,
        5,
        5,
        3,
        5,
        5,
        5,
        4,
        4,
        4,
        2,
        5,
        5,
        3,
        3,
        2,
        5,
        5,
        2,
        3,
        5,
        3,
        2,
        2,
        2,
        4,
        5,
        2,
        5,
        3,
        2,
        5,
        5,
        5,
        3,
        3,
        1,
        5,
        5,
        3,
        5,
        5,
        5,
        3,
        5,
        3,
        3,
        3,
        5,
        5,
        5,
        5,
        5,
        5,
        5,
        3,
        5,
        5,
        3,
        0,
        5,
        3,
        3,
        4,
        3,
        2,
        5,
        5,
        5,
        5,
        3,
        5,
        3,
        3,
        4,
        1,
        5,
        1,
        5,
        5,
        5,
        5,
        5,
        1,
        5,
        1,
        3,
        5,
        5,
        1,
        5,
        1,
        5,
        5,
        5,
        1,
        3,
        5,
        3,
        0,
        5,
        5,
        3,
        5,
        5,
        3,
        5,
        1,
        5,
        5,
        3,
        1,
        5,
        1,
        1,
        3,
        1,
        1,
        0,
        1,
        1,
        1,
        0,
        4,
        1,
        1,
        3,
        1,
        1,
        3,
        1,
        1,
        3,
        1,
        0,
        0,
        1,
        1,
        3,
        0,
        5,
        0,
        0,
        5,
        3,
        0,
        1,
        1,
        0,
        0,
        1,
        1,
        1,
        1,
        4,
        0,
        0,
        1,
        0,
        1,
        1,
        0,
        4,
        3,
        0,
        0,
        0,
        4,
        1,
        1,
        1,
        0,
        1,
        1,
        5,
        0,
        0,
        4,
        3
      ]
    },
    "8": {
      "n_evaluated": 45,
      "purity": 0.6222222222222222,
      "nmi": 0.17445324246112484,
      "ari": -0.06503579952267304,