{
  "model": "allenai/OLMoE-1B-7B-0924",
  "revision": "step5000-tokens20B",
  "n_layer": 16,
  "n_head": 16,
  "n_examples": 2000,
  "ising_norm": 14.311952657903458,
  "eig_info": {
    "top_eigenvalues": [
      11.110156647030024,
      1.6894252066051356,
      1.3481067513733869,
      1.1850150312472005,
      1.1451053387175416,
      1.1133457249457328,
      1.0698244453452992,
      1.0449072831035677,
      0.9996261882954429,
      0.9654403383138992,
      0.9607517649662106,
      0.9378546837329369,
      0.9301008521979838,
      0.8871209070795476,
      0.8701961810249013
    ],
    "top_gaps": [
      9.420731440424888,
      0.34131845523174875,
      0.16309172012618633,
      0.039909692529658924,
      0.0317596137718088,
      0.043521279600433616,
      0.02491716224173146,
      0.04528109480812481,
      0.034185849981543726,
      0.004688573347688574,
      0.02289708123327372,
      0.007753831534953126,
      0.04297994511843617,
      0.016924726054646344,
      0.010572517639518941
    ],
    "argmax_gap_below_15": 1
  },
  "metrics_by_k": {
    "4": {
      "n_evaluated": 45,
      "purity": 0.6888888888888889,
      "nmi": 0.2389996152900742,
      "ari": 0.07955028579526667,
      "labels": [
        2,
        2,
        2,
        2,
        2,
        2,
        2,
        2,
        2,
        2,
        2,
        2,
        2,
        2,
        2,
        2,
        2,
        2,
        2,
        2,
        2,
        0,
        2,
        2,
        0,
        0,
        2,
        3,
        2,
        2,
        2,
        0,
        0,
        2,
        3,
        2,
        0,
        2,
        0,
        0,
        2,
        0,
        3,
        3,
        2,
        2,
        2,
        2,
        3,
        1,
        2,
        0,
        0,
        2,
        0,
        3,
        0,
        0,
        0,
        0,
        1,
        0,
        2,
        1,
        0,
        0,
        0,
        0,
        0,
        0,
        0,
        0,
        0,
        0,
        0,
        1,
        0,
        1,
        0,
        1,
        0,
        0,
        1,
        1,
        2,
        3,
        1,
        3,
        0,
        1,
        1,
        0,
        0,
        3,
        1,
        0,
        0,
        1,
        1,
        1,
        0,
        1,
        0,
        1,
        0,
        0,
        1,
        1,
        0,
        0,
        1,
        1,
        1,
        0,
        1,
        0,
        1,
        0,
        1,
        0,
        1,
        0,
        1,
        1,
        0,
        1,
        0,
        1,
        1,
        1,
        1,
        1,
        0,
        1,
        3,
        2,
        3,
        1,
        0,
        1,
        0,
        0,
        0,
        1,
        1,
        3,
        1,
        3,
        1,
        1,
        1,
        0,
        3,
        1,
        3,
        0,
        1,
        1,
        0,
        3,
        0,
        3,
        3,
        3,
        1,
        3,
        1,
        3,
        1,
        0,
        3,
        0,
        3,
        1,
        1,
        0,
        3,
        1,
        0,
        3,
        0,
        0,
        3,
        1,
        3,
        1,
        3,
        3,
        3,
        1,
        3,
        3,
        3,
        3,
        3,
        3,
        1,
        1,
        3,
        3,
        0,
        1,
        0,
        0,
        3,
        1,
        3,
        1,
        3,
        3,
        1,
        3,
        3,
        1,
        1,
        1,
        3,
        1,
        3,
        3,
        3,
        3,
        0,
        3,
        1,
        3,
        3,
        1,
        3,
        3,
        1,
        0,
        3,
        3,
        1,
        3,
        1,
        3,
        3,
        0,
        1,
        3,
        0,
        3,
        3,
        3,
        0,
        0,
        3,
        1,
        3,
        3,
        3,
        1,
        3,
        0
      ]
    },
    "6": {
      "n_evaluated": 45,
      "purity": 0.7111111111111111,
      "nmi": 0.248648961395126,
      "ari": 0.04888003498372285,
      "labels": [
        4,
        4,
        4,
        4,
        4,
        4,
        4,
        4,
        4,
        1,
        4,
        1,
        4,
        1,
        4,
        4,
        2,
        4,
        4,
        4,
        4,
        0,
        4,
        2,
        0,
        2,
        2,
        3,
        4,
        4,
        4,
        1,
        0,
        2,
        1,
        4,
        2,
        4,
        2,
        2,
        2,
        2,
        1,
        3,
        1,
        4,
        2,
        1,
        3,
        1,
        4,
        0,
        2,
        1,
        0,
        0,
        2,
        2,
        2,
        2,
        1,
        5,
        4,
        5,
        5,
        1,
        0,
        1,
        2,
        1,
        5,
        2,
        1,
        1,
        0,
        1,
        2,
        1,
        0,
        5,
        0,
        0,
        1,
        1,
        4,
        3,
        1,
        0,
        2,
        1,
        1,
        1,
        0,
        1,
        5,
        5,
        2,
        1,
        5,
        5,
        0,
        1,
        1,
        1,
        1,
        2,
        5,
        1,
        1,
        5,
        5,
        5,
        1,
        1,
        0,
        1,
        5,
        0,
        5,
        0,
        1,
        0,
        1,
        1,
        0,
        5,
        5,
        1,
        5,
        5,
        1,
        1,
        0,
        1,
        5,
        4,
        4,
        5,
        2,
        5,
        0,
        0,
        1,
        5,
        1,
        3,
        5,
        0,
        5,
        5,
        1,
        0,
        3,
        1,
        3,
        0,
        5,
        5,
        5,
        0,
        1,
        4,
        3,
        3,
        1,
        3,
        5,
        4,
        5,
        0,
        0,
        1,
        0,
        5,
        5,
        0,
        3,
        3,
        0,
        3,
        0,
        1,
        0,
        5,
        3,
        5,
        0,
        3,
        3,
        3,
        0,
        3,
        0,
        0,
        3,
        3,
        5,
        5,
        3,
        0,
        0,
        5,
        3,
        5,
        3,
        5,
        3,
        3,
        5,
        0,
        5,
        3,
        3,
        5,
        5,
        5,
        3,
        5,
        3,
        3,
        3,
        3,
        0,
        3,
        5,
        3,
        3,
        5,
        3,
        5,
        5,
        5,
        3,
        3,
        1,
        3,
        5,
        3,
        3,
        1,
        5,
        3,
        0,
        1,
        0,
        0,
        1,
        5,
        3,
        5,
        0,
        3,
        3,
        5,
        0,
        1
      ]
    },
    "8": {
      "n_evaluated": 45,
      "purity": 0.7333333333333333,
      "nmi": 0.31283177989291655,
      "ari": 0.05116418507045069,