{
  "ising_J": {
    "4": {
      "purity": 0.5111111111111111,
      "nmi": 0.23653311174119449,
      "ari": -0.017085672443251158
    },
    "6": {
      "purity": 0.5111111111111111,
      "nmi": 0.24721690269890054,
      "ari": -0.07470021623746806
    },
    "8": {
      "purity": 0.6888888888888889,
      "nmi": 0.429195107470489,
      "ari": 0.1661347870214391
    },
    "10": {
      "purity": 0.7111111111111111,
      "nmi": 0.473682059286934,
      "ari": 0.19289846192192256
    },
    "12": {
      "purity": 0.7111111111111111,
      "nmi": 0.4293889998750941,
      "ari": 0.17559392695584902
    }
  },
  "pearson_raw": {
    "4": {
      "purity": 0.6222222222222222,
      "nmi": 0.30469924038558255,
      "ari": 0.08281374290872197
    },
    "6": {
      "purity": 0.6222222222222222,
      "nmi": 0.3173742930227887,
      "ari": 0.04465809909275572
    },
    "8": {
      "purity": 0.6666666666666666,
      "nmi": 0.33821723965907213,
      "ari": 0.03665261109309115
    },
    "10": {
      "purity": 0.7555555555555555,
      "nmi": 0.475344134718917,
      "ari": 0.1897200851203143
    },
    "12": {
      "purity": 0.7333333333333333,
      "nmi": 0.42145287158293676,
      "ari": 0.14127361413074088
    }
  },
  "pearson_spin": {
    "4": {
      "purity": 0.5111111111111111,
      "nmi": 0.2492204050920157,
      "ari": 0.00818052427211298
    },
    "6": {
      "purity": 0.6222222222222222,
      "nmi": 0.284528071393429,
      "ari": 0.06942183479493777
    },
    "8": {
      "purity": 0.6666666666666666,
      "nmi": 0.33524739866910874,
      "ari": 0.04674598359142111
    },
    "10": {
      "purity": 0.6888888888888889,
      "nmi": 0.3634782238937213,
      "ari": 0.06347502821358235
    },
    "12": {
      "purity": 0.6888888888888889,
      "nmi": 0.41007166457251987,
      "ari": 0.05918318277058359
    }
  },
  "mutual_info": {
    "4": {
      "purity": 0.5777777777777777,
      "nmi": 0.25750344594374597,
      "ari": 0.027364749628875192
    },
    "6": {
      "purity": 0.6888888888888889,
      "nmi": 0.3683424589424686,
      "ari": 0.09846270991109647
    },
    "8": {
      "purity": 0.6888888888888889,
      "nmi": 0.4115108293952348,
      "ari": 0.10960357845920377
    },
    "10": {
      "purity": 0.6888888888888889,
      "nmi": 0.36784581878854883,
      "ari": 0.07442853665552876
    },
    "12": {
      "purity": 0.7333333333333333,
      "nmi": 0.463741499070354,
      "ari": 0.14984498026007628
    }
  }
}