{
  "tag": "olmoe",
  "baseline_absJ": {
    "4": {
      "purity": 0.5111111111111111,
      "nmi": 0.23653311174119449,
      "ari": -0.017085672443251158
    },
    "6": {
      "purity": 0.5111111111111111,
      "nmi": 0.24721690269890054,
      "ari": -0.07470021623746806
    },
    "8": {
      "purity": 0.6888888888888889,
      "nmi": 0.429195107470489,
      "ari": 0.1661347870214391
    },
    "10": {
      "purity": 0.7111111111111111,
      "nmi": 0.473682059286934,
      "ari": 0.19289846192192256
    },
    "12": {
      "purity": 0.7111111111111111,
      "nmi": 0.4293889998750941,
      "ari": 0.17559392695584902
    }
  },
  "strategy_c_block_residual": {
    "4": {
      "purity": 0.5111111111111111,
      "nmi": 0.15619301311851497,
      "ari": -0.03438940161478576,
      "composition": {
        "0": {
          "duplicate-token": 2,
          "first-token": 15,
          "induction": 1,
          "previous-token": 9,
          "self": 4,
          "unclassified": 1
        },
        "1": {
          "first-token": 4,
          "unclassified": 1
        },
        "2": {
          "first-token": 2,
          "previous-token": 1,
          "self": 2
        },
        "3": {
          "first-token": 2,
          "induction": 1
        }
      }
    },
    "6": {
      "purity": 0.5333333333333333,
      "nmi": 0.1994824351280227,
      "ari": -0.00206724746476391,
      "composition": {
        "0": {
          "induction": 1
        },
        "1": {
          "first-token": 1
        },
        "2": {
          "first-token": 3
        },
        "3": {
          "duplicate-token": 1,
          "first-token": 11,
          "induction": 1,
          "previous-token": 5,
          "self": 1,
          "unclassified": 1
        },
        "4": {
          "duplicate-token": 1,
          "first-token": 3,
          "previous-token": 2
        },
        "5": {
          "first-token": 5,
          "previous-token": 3,
          "self": 5,
          "unclassified": 1
        }
      }
    },
    "8": {
      "purity": 0.5555555555555556,
      "nmi": 0.21655467124077862,
      "ari": -0.0285643043165069,
      "composition": {
        "0": {
          "first-token": 2
        },
        "1": {
          "duplicate-token": 1,
          "first-token": 1,
          "previous-token": 1
        },
        "2": {
          "duplicate-token": 1,
          "first-token": 11,
          "induction": 1,
          "previous-token": 8,
          "self": 3,
          "unclassified": 1
        },
        "3": {
          "first-token": 1
        },
        "4": {
          "first-token": 2
        },
        "5": {
          "first-token": 5,
          "induction": 1,
          "previous-token": 1
        },
        "6": {
          "first-token": 1,
          "self": 3,
          "unclassified": 1
        }
      }
    },
    "10": {
      "purity": 0.6,
      "nmi": 0.29554215040022497,
      "ari": 0.09659560150490931,
      "composition": {
        "0": {
          "duplicate-token": 1,
          "first-token": 4,
          "previous-token": 4,
          "self": 2,
          "unclassified": 1
        },
        "2": {
          "self": 1
        },
        "3": {
          "first-token": 1,
          "induction": 1
        },
        "4": {
          "first-token": 1,
          "induction": 1,
          "previous-token": 1,
          "self": 3
        },
        "5": {
          "first-token": 12,
          "previous-token": 4,
          "unclassified": 1
        },
        "6": {
          "first-token": 2
        },
        "7": {
          "duplicate-token": 1,
          "first-token": 2
        },
        "8": {
          "first-token": 1
        },
        "9": {
          "previous-token": 1
        }
      }
    },
    "12": {
      "purity": 0.5777777777777777,
      "nmi": 0.2841280288036894,
      "ari": 0.01261847035486004,
      "composition": {
        "1": {
          "first-token": 7,
          "previous-token": 3,
          "self": 2
        },
        "2": {
          "duplicate-token": 2,
          "first-token": 4,
          "induction": 1
        },
        "3": {
          "first-token": 4,
          "previous-token": 2,
          "unclassified": 1
        },
        "4": {
          "first-token": 2,
          "induction": 1,
          "previous-token": 2,
          "self": 2
        },
        "5": {
          "first-token": 2
        },
        "6": {
          "previous-token": 1,
          "self": 1
        },
        "7": {
          "self": 1
        },
        "9": {
          "first-token": 1,
          "previous-token": 2,
          "unclassified": 1
        },
        "10": {
          "first-token": 3
        }
      }
    }
  },
  "strategy_d_within_layer": {
    "kpl_2": {
      "k_per_layer": 2,
      "total_clusters": 21,
      "purity": 0.7777777777777778,
      "nmi": 0.45682546652565564,
      "ari": 0.037585176916518956
    },
    "kpl_3": {
      "k_per_layer": 3,
      "total_clusters": 25,
      "purity": 0.8222222222222222,
      "nmi": 0.4740672184303368,
      "ari": 0.03304124574426522
    },
    "kpl_4": {
      "k_per_layer": 4,
      "total_clusters": 26,
      "purity": 0.8444444444444444,
      "nmi": 0.4818842936363761,
      "ari": 0.030889710680878833
    }
  }
}