{
  "tag": "olmoe",
  "supervised_counts": {
    "unspecialized": 51,
    "previous-token": 12,
    "self": 11,
    "duplicate-token": 4,
    "first-token": 174,
    "induction": 4
  },
  "by_k": {
    "6": {
      "per_class": {
        "duplicate-token": {
          "recall": 0.5,
          "precision": 0.05714285714285714,
          "f1": 0.10256410256410256,
          "best_cluster": 0,
          "class_total": 4,
          "cluster_total": 35
        },
        "first-token": {
          "recall": 0.28160919540229884,
          "precision": 0.9423076923076923,
          "f1": 0.43362831858407075,
          "best_cluster": 4,
          "class_total": 174,
          "cluster_total": 52
        },
        "induction": {
          "recall": 0.5,
          "precision": 0.047619047619047616,
          "f1": 0.08695652173913042,
          "best_cluster": 1,
          "class_total": 4,
          "cluster_total": 42
        },
        "previous-token": {
          "recall": 0.9166666666666666,
          "precision": 0.2619047619047619,
          "f1": 0.4074074074074074,
          "best_cluster": 1,
          "class_total": 12,
          "cluster_total": 42
        },
        "self": {
          "recall": 0.7272727272727273,
          "precision": 0.19047619047619047,
          "f1": 0.3018867924528302,
          "best_cluster": 1,
          "class_total": 11,
          "cluster_total": 42
        }
      },
      "bos_l01_focus": null
    },
    "8": {
      "per_class": {
        "duplicate-token": {
          "recall": 0.5,
          "precision": 0.05555555555555555,
          "f1": 0.09999999999999999,
          "best_cluster": 7,
          "class_total": 4,
          "cluster_total": 36
        },
        "first-token": {
          "recall": 0.1896551724137931,
          "precision": 0.9166666666666666,
          "f1": 0.31428571428571433,
          "best_cluster": 7,
          "class_total": 174,
          "cluster_total": 36
        },
        "induction": {
          "recall": 0.25,
          "precision": 0.037037037037037035,
          "f1": 0.06451612903225806,
          "best_cluster": 0,
          "class_total": 4,
          "cluster_total": 27
        },
        "previous-token": {
          "recall": 0.75,
          "precision": 0.391304347826087,
          "f1": 0.5142857142857143,
          "best_cluster": 2,
          "class_total": 12,
          "cluster_total": 23
        },
        "self": {
          "recall": 0.8181818181818182,
          "precision": 0.391304347826087,
          "f1": 0.5294117647058824,
          "best_cluster": 2,
          "class_total": 11,
          "cluster_total": 23
        }
      },
      "bos_l01_focus": null
    },
    "10": {
      "per_class": {
        "duplicate-token": {
          "recall": 0.25,
          "precision": 0.058823529411764705,
          "f1": 0.09523809523809523,
          "best_cluster": 0,
          "class_total": 4,
          "cluster_total": 17
        },
        "first-token": {
          "recall": 0.15517241379310345,
          "precision": 1.0,
          "f1": 0.26865671641791045,
          "best_cluster": 4,
          "class_total": 174,
          "cluster_total": 27
        },
        "induction": {
          "recall": 0.25,
          "precision": 0.058823529411764705,
          "f1": 0.09523809523809523,
          "best_cluster": 0,
          "class_total": 4,
          "cluster_total": 17
        },
        "previous-token": {
          "recall": 0.8333333333333334,
          "precision": 0.43478260869565216,
          "f1": 0.5714285714285714,
          "best_cluster": 1,
          "class_total": 12,
          "cluster_total": 23
        },
        "self": {
          "recall": 0.8181818181818182,
          "precision": 0.391304347826087,
          "f1": 0.5294117647058824,
          "best_cluster": 1,
          "class_total": 11,
          "cluster_total": 23
        }
      },
      "bos_l01_focus": null
    },
    "12": {
      "per_class": {
        "duplicate-token": {
          "recall": 0.25,
          "precision": 0.045454545454545456,
          "f1": 0.07692307692307693,
          "best_cluster": 1,
          "class_total": 4,
          "cluster_total": 22
        },
        "first-token": {
          "recall": 0.16666666666666666,
          "precision": 0.9354838709677419,
          "f1": 0.28292682926829266,
          "best_cluster": 8,
          "class_total": 174,
          "cluster_total": 31
        },
        "induction": {
          "recall": 0.5,
          "precision": 0.09090909090909091,
          "f1": 0.15384615384615385,
          "best_cluster": 1,
          "class_total": 4,
          "cluster_total": 22
        },
        "previous-token": {
          "recall": 0.6666666666666666,
          "precision": 0.5333333333333333,
          "f1": 0.5925925925925926,
          "best_cluster": 7,
          "class_total": 12,
          "cluster_total": 15
        },
        "self": {
          "recall": 0.5454545454545454,
          "precision": 0.4,
          "f1": 0.4615384615384615,
          "best_cluster": 7,
          "class_total": 11,
          "cluster_total": 15
        }
      },
      "bos_l01_focus": null
    }
  }
}